,Cluster,SITE,STATION,PREFIX,PAIRED,CHANNEL,TYPE,UTM_ZONE,EASTING,NORTHING,Ellipsoidal_Ht,Ortho_Ht,NOTES,array_folder_name,point_folder_name
0,3,7,1,SBT-03-07-01,SBT-03-07-06,0,ARU,12,454901.8146,6080451.741,630.8394,654.0784,,SBT-3-7,SBT-3-7-1
1,3,7,2,SBT-03-07-02,SBT-03-07-07,0,ARU,12,454938.2138,6080450.422,637.7023,660.9413,,SBT-3-7,SBT-3-7-2
2,3,7,3,SBT-03-07-03,SBT-03-07-08,0,ARU,12,454972.0517,6080451.849,627.489,650.728,,SBT-3-7,SBT-3-7-3
3,3,7,4,SBT-03-07-04,SBT-03-07-09,0,ARU,12,455002.2424,6080447.022,630.8386,654.0776,,SBT-3-7,SBT-3-7-4
4,3,7,5,SBT-03-07-05,SBT-03-07-10,0,ARU,12,455040.577,6080456.902,638.6132,661.8522,,SBT-3-7,SBT-3-7-5
5,3,7,6,SBT-03-07-06,SBT-03-07-01,1,EXTMIC,12,454905.359,6080413.104,624.0343,647.2733,,SBT-3-7,SBT-3-7-6
6,3,7,7,SBT-03-07-07,SBT-03-07-02,1,EXTMIC,12,454937.2369,6080420.122,634.0494,657.2884,,SBT-3-7,SBT-3-7-7
7,3,7,8,SBT-03-07-08,SBT-03-07-03,1,EXTMIC,12,454974.7873,6080417.285,631.4345,654.6735,,SBT-3-7,SBT-3-7-8
8,3,7,9,SBT-03-07-09,SBT-03-07-04,1,EXTMIC,12,455007.368,6080417.427,633.1609,656.3999,,SBT-3-7,SBT-3-7-9
9,3,7,10,SBT-03-07-10,SBT-03-07-05,1,EXTMIC,12,455037.1044,6080422.566,627.9305,651.1695,,SBT-3-7,SBT-3-7-10
10,3,7,11,SBT-03-07-11,SBT-03-07-16,0,ARU,12,454898.7381,6080390.006,629.3989,652.6379,,SBT-3-7,SBT-3-7-11
11,3,7,12,SBT-03-07-12,SBT-03-07-17,0,ARU,12,454933.4345,6080381.205,629.1482,652.3872,,SBT-3-7,SBT-3-7-12
12,3,7,13,SBT-03-07-13,SBT-03-07-18,0,ARU,12,454971.7359,6080378.249,633.5012,656.7402,,SBT-3-7,SBT-3-7-13
13,3,7,14,SBT-03-07-14,SBT-03-07-19,0,ARU,12,455006.7064,6080386.725,638.5816,661.8206,,SBT-3-7,SBT-3-7-14
14,3,7,15,SBT-03-07-15,SBT-03-07-20,0,ARU,12,455043.0702,6080380.894,644.2802,667.5192,,SBT-3-7,SBT-3-7-15
15,3,7,16,SBT-03-07-16,SBT-03-07-11,1,EXTMIC,12,454905.382,6080349.704,629.0849,652.3239,,SBT-3-7,SBT-3-7-16
16,3,7,17,SBT-03-07-17,SBT-03-07-12,1,EXTMIC,12,454931.136,6080345.284,627.4791,650.7181,,SBT-3-7,SBT-3-7-17
17,3,7,18,SBT-03-07-18,SBT-03-07-13,1,EXTMIC,12,454974.0135,6080350.639,629.2922,652.5312,,SBT-3-7,SBT-3-7-18
18,3,7,19,SBT-03-07-19,SBT-03-07-14,1,EXTMIC,12,455003.2251,6080342.379,625.088,648.327,,SBT-3-7,SBT-3-7-19
19,3,7,20,SBT-03-07-20,SBT-03-07-15,1,EXTMIC,12,455040.1717,6080350.743,624.5274,647.7664,,SBT-3-7,SBT-3-7-20
20,3,7,21,SBT-03-07-21,SBT-03-07-22,0,ARU,12,454896.0362,6080311.947,625.2934,648.5324,,SBT-3-7,SBT-3-7-21
21,3,7,22,SBT-03-07-22,SBT-03-07-21,1,EXTMIC,12,454933.8436,6080311.789,631.2318,654.4708,,SBT-3-7,SBT-3-7-22
22,3,7,23,SBT-03-07-23,SBT-03-07-24,0,ARU,12,454969.6031,6080312.622,619.3571,642.5961,,SBT-3-7,SBT-3-7-23
23,3,7,24,SBT-03-07-24,SBT-03-07-23,1,EXTMIC,12,454998.3602,6080311.81,642.9858,666.2248,,SBT-3-7,SBT-3-7-24
24,3,7,25,SBT-03-07-25,SBT-03-07-41,0,ARU,12,455035.6884,6080311.885,635.8854,659.1244,,SBT-3-7,SBT-3-7-25
25,3,7,26,SBT-03-07-26,SBT-03-07-31,0,ARU,12,455072.8494,6080418.852,631.9481,655.1871,,SBT-3-7,SBT-3-7-26
26,3,7,27,SBT-03-07-27,SBT-03-07-32,0,ARU,12,455110.4551,6080420.803,639.3753,662.6143,,SBT-3-7,SBT-3-7-27
27,3,7,28,SBT-03-07-28,SBT-03-07-33,0,ARU,12,455139.9575,6080425.145,629.7068,652.9458,,SBT-3-7,SBT-3-7-28
28,3,7,29,SBT-03-07-29,SBT-03-07-34,0,ARU,12,455181.9959,6080424.017,636.0261,659.2651,,SBT-3-7,SBT-3-7-29
29,3,7,30,SBT-03-07-30,SBT-03-07-35,0,ARU,12,455210.8091,6080413.825,635.9054,659.1444,,SBT-3-7,SBT-3-7-30
30,3,7,31,SBT-03-07-31,SBT-03-07-26,1,EXTMIC,12,455072.8826,6080389.65,645.7368,668.9758,,SBT-3-7,SBT-3-7-31
31,3,7,32,SBT-03-07-32,SBT-03-07-27,1,EXTMIC,12,455108.153,6080388.977,640.4178,663.6568,,SBT-3-7,SBT-3-7-32
32,3,7,33,SBT-03-07-33,SBT-03-07-28,1,EXTMIC,12,455145.2657,6080385.678,628.8756,652.1146,,SBT-3-7,SBT-3-7-33
33,3,7,34,SBT-03-07-34,SBT-03-07-29,1,EXTMIC,12,455180.9688,6080393.859,631.8081,655.0471,,SBT-3-7,SBT-3-7-34
34,3,7,35,SBT-03-07-35,SBT-03-07-30,1,EXTMIC,12,455211.993,6080383.66,636.8283,660.0673,,SBT-3-7,SBT-3-7-35
35,3,7,36,SBT-03-07-36,SBT-03-07-37,0,ARU,12,455077.6287,6080355.216,629.1891,652.4281,,SBT-3-7,SBT-3-7-36
36,3,7,37,SBT-03-07-37,SBT-03-07-36,1,EXTMIC,12,455112.5971,6080349.096,640.3203,663.5593,,SBT-3-7,SBT-3-7-37
37,3,7,38,SBT-03-07-38,SBT-03-07-39,0,ARU,12,455144.6011,6080342.009,635.0033,658.2423,,SBT-3-7,SBT-3-7-38
38,3,7,39,SBT-03-07-39,SBT-3-07-38,1,EXTMIC,12,455174.155,6080345.207,631.3753,654.6143,,SBT-3-7,SBT-3-7-39
39,3,7,40,SBT-03-07-40,,0,ARU,12,455212.717,6080347.683,632.3123,655.5513,,SBT-3-7,SBT-3-7-40
40,3,7,41,SBT-03-07-41,SBT-03-07-25,1,EXTMIC,12,455074.1016,6080311.215,641.1841,664.4231,,SBT-3-7,SBT-3-7-41
41,3,7,42,SBT-03-07-42,SBT-03-07-43,1,EXTMIC,12,455112.8172,6080313.392,635.4095,658.6485,,SBT-3-7,SBT-3-7-42
42,3,7,43,SBT-03-07-43,SBT-03-07-42,0,ARU,12,455147.9112,6080313.736,640.7934,664.0324,,SBT-3-7,SBT-3-7-43
43,3,7,44,SBT-03-07-44,,0,ARU,12,455174.1151,6080315.048,637.1963,660.4353,,SBT-3-7,SBT-3-7-44
44,3,7,45,SBT-03-07-45,SBT-03-07-50,0,ARU,12,455212.1041,6080314.145,634.2195,657.4585,,SBT-3-7,SBT-3-7-45
45,3,7,46,SBT-03-07-46,SBT-03-07-47,0,ARU,12,455072.9528,6080285.797,639.2343,662.4733,,SBT-3-7,SBT-3-7-46
46,3,7,47,SBT-03-07-47,SBT-03-07-46,1,EXTMIC,12,455104.1021,6080282.692,638.3715,661.6105,,SBT-3-7,SBT-3-7-47
47,3,7,48,SBT-03-07-48,SBT-03-07-49,1,EXTMIC,12,455145.3416,6080277.66,642.3772,665.6162,,SBT-3-7,SBT-3-7-48
48,3,7,49,SBT-03-07-49,SBT-03-07-48,0,ARU,12,455175.1181,6080276.899,642.1765,665.4155,,SBT-3-7,SBT-3-7-49
49,3,7,50,SBT-03-07-50,SBT-03-07-45,1,EXTMIC,12,455214.5148,6080275.265,638.0539,661.2929,,SBT-3-7,SBT-3-7-50
50,3,9,1,SBT-03-09-01,SBT-03-09-30,1,EXTMIC,12,438644.1056,6108545.932,655.2032,678.0932,,SBT-3-9,SBT-3-9-1
51,3,9,2,SBT-03-09-02,SBT-03-09-03,0,ARU,12,438672.2038,6108550.639,650.5176,673.4076,,SBT-3-9,SBT-3-9-2
52,3,9,3,SBT-03-09-03,SBT-03-09-02,1,EXTMIC,12,438711.0646,6108547.985,654.0645,676.9545,,SBT-3-9,SBT-3-9-3
53,3,9,4,SBT-03-09-04,SBT-03-09-05,0,ARU,12,438745.1773,6108539.458,654.701,677.591,,SBT-3-9,SBT-3-9-4
54,3,9,5,SBT-03-09-05,SBT-03-09-04,1,EXTMIC,12,438779.8315,6108547.769,651.2509,674.1409,,SBT-3-9,SBT-3-9-5
55,3,9,6,SBT-03-09-06,SBT-03-09-35,1,EXTMIC,12,438636.7147,6108506.052,654.2951,677.1851,,SBT-3-9,SBT-3-9-6
56,3,9,7,SBT-03-09-07,SBT-03-09-08,0,ARU,12,438671.4005,6108507.106,655.0423,677.9323,,SBT-3-9,SBT-3-9-7
57,3,9,8,SBT-03-09-08,SBT-03-09-07,1,EXTMIC,12,438707.6698,6108512.613,654.7293,677.6193,,SBT-3-9,SBT-3-9-8
58,3,9,9,SBT-03-09-09,SBT-03-09-10,0,ARU,12,438743.6244,6108508.419,652.4017,675.2917,,SBT-3-9,SBT-3-9-9
59,3,9,10,SBT-03-09-10,SBT-03-09-09,1,EXTMIC,12,438779.3703,6108522.498,652.1066,674.9966,,SBT-3-9,SBT-3-9-10
60,3,9,11,SBT-03-09-11,SBT-03-09-40,1,EXTMIC,12,438640.8131,6108480.174,654.9675,677.8575,,SBT-3-9,SBT-3-9-11
61,3,9,12,SBT-03-09-12,SBT-03-09-13,0,ARU,12,438677.8022,6108479.898,653.388,676.278,,SBT-3-9,SBT-3-9-12
62,3,9,13,SBT-03-09-13,SBT-03-09-12,1,EXTMIC,12,438707.7668,6108476.644,651.6343,674.5243,,SBT-3-9,SBT-3-9-13
63,3,9,14,SBT-03-09-14,SBT-03-09-15,0,ARU,12,438745.0122,6108475.124,650.7518,673.6418,,SBT-3-9,SBT-3-9-14
64,3,9,15,SBT-03-09-15,SBT-03-09-14,1,EXTMIC,12,438778.8961,6108472.686,657.3027,680.1927,,SBT-3-9,SBT-3-9-15
65,3,9,16,SBT-03-09-16,SBT-03-09-45,1,EXTMIC,12,438639.1774,6108441.624,653.9729,676.8629,,SBT-3-9,SBT-3-9-16
66,3,9,17,SBT-03-09-17,SBT-03-09-18,0,EXTMIC,12,438674.6456,6108442.529,652.6328,675.5228,,SBT-3-9,SBT-3-9-17
67,3,9,18,SBT-03-09-18,SBT-03-09-17,1,EXTMIC,12,438712.274,6108438.778,651.9329,674.8229,,SBT-3-9,SBT-3-9-18
68,3,9,19,SBT-03-09-19,SBT-03-09-20,0,ARU,12,438746.5871,6108437.646,651.9404,674.8304,,SBT-3-9,SBT-3-9-19
69,3,9,20,SBT-03-09-20,SBT-03-09-19,1,EXTMIC,12,438780.6385,6108437.247,649.9313,672.8213,,SBT-3-9,SBT-3-9-20
70,3,9,21,SBT-03-09-21,SBT-03-09-50,1,EXTMIC,12,438636.4088,6108401.018,652.1081,674.9981,,SBT-3-9,SBT-3-9-21
71,3,9,22,SBT-03-09-22,SBT-03-09-23,0,ARU,12,438676.1689,6108405.511,655.2067,678.0967,,SBT-3-9,SBT-3-9-22
72,3,9,23,SBT-03-09-23,SBT-03-09-22,1,EXTMIC,12,438709.2932,6108403.372,655.1589,678.0489,,SBT-3-9,SBT-3-9-23
73,3,9,24,SBT-03-09-24,SBT-03-09-25,0,ARU,12,438744.0761,6108402.606,651.3637,674.2537,,SBT-3-9,SBT-3-9-24
74,3,9,25,SBT-03-09-25,SBT-03-09-24,1,EXTMIC,12,438781.5167,6108402.348,651.8804,674.7704,,SBT-3-9,SBT-3-9-25
75,3,9,26,SBT-03-09-26,SBT-03-09-27,0,ARU,12,438468.575,6108545.045,654.7002,677.5902,,SBT-3-9,SBT-3-9-26
76,3,9,27,SBT-03-09-27,SBT-03-09-26,1,EXTMIC,12,438500.1148,6108541.48,660.5149,683.4049,,SBT-3-9,SBT-3-9-27
77,3,9,28,SBT-03-09-28,SBT-03-09-29,0,ARU,12,438529.9514,6108541.569,654.349,677.239,,SBT-3-9,SBT-3-9-28
78,3,9,29,SBT-03-09-29,SBT-03-09-28,1,EXTMIC,12,438570.6842,6108545.75,655.0691,677.9591,,SBT-3-9,SBT-3-9-29
79,3,9,30,SBT-03-09-30,SBT-03-09-01,0,ARU,12,438614.2046,6108541.689,656.0776,678.9676,,SBT-3-9,SBT-3-9-30
80,3,9,31,SBT-03-09-31,SBT-03-09-32,0,ARU,12,438469.9253,6108508.589,654.8226,677.7126,,SBT-3-9,SBT-3-9-31
81,3,9,32,SBT-03-09-32,SBT-03-09-31,1,EXTMIC,12,438496.5411,6108505.436,653.9251,676.8151,,SBT-3-9,SBT-3-9-32
82,3,9,33,SBT-03-09-33,SBT-03-09-34,0,ARU,12,438539.0152,6108511.397,660.0,682.89,"Adjusted coordinates (0,_1)",SBT-3-9,SBT-3-9-33
83,3,9,34,SBT-03-09-34,SBT-03-09-33,1,EXTMIC,12,438567.8036,6108513.79,653.8801,676.7701,,SBT-3-9,SBT-3-9-34
84,3,9,35,SBT-03-09-35,SBT-03-09-06,0,ARU,12,438608.8726,6108507.361,654.403,677.293,,SBT-3-9,SBT-3-9-35
85,3,9,36,SBT-03-09-36,SBT-03-09-37,0,ARU,12,438465.8911,6108479.245,655.2876,678.1776,,SBT-3-9,SBT-3-9-36
86,3,9,37,SBT-03-09-37,SBT-03-09-36,1,EXTMIC,12,438499.9374,6108478.862,659.1597,682.0497,,SBT-3-9,SBT-3-9-37
87,3,9,38,SBT-03-09-38,SBT-03-09-39,0,ARU,12,438533.1725,6108474.334,656.0935,678.9835,,SBT-3-9,SBT-3-9-38
88,3,9,39,SBT-03-09-39,SBT-03-09-38,1,EXTMIC,12,438567.9849,6108471.703,656.0363,678.9263,,SBT-3-9,SBT-3-9-39
89,3,9,40,SBT-03-09-40,SBT-03-09-11,0,ARU,12,438610.9142,6108476.776,655.5275,678.4175,,SBT-3-9,SBT-3-9-40
90,3,9,41,SBT-03-09-41,SBT-03-09-42,0,ARU,12,438466.6753,6108434.809,656.0204,678.9104,,SBT-3-9,SBT-3-9-41
91,3,9,42,SBT-03-09-42,SBT-03-09-41,1,EXTMIC,12,438496.1376,6108438.501,660.0276,682.9176,,SBT-3-9,SBT-3-9-42
92,3,9,43,SBT-03-09-43,SBT-03-09-44,0,ARU,12,438535.4245,6108443.81,654.8649,677.7549,,SBT-3-9,SBT-3-9-43
93,3,9,44,SBT-03-09-44,SBT-03-09-43,1,EXTMIC,12,438567.6211,6108440.255,654.2413,677.1313,,SBT-3-9,SBT-3-9-44
94,3,9,45,SBT-03-09-45,SBT-03-09-16,0,ARU,12,438608.8042,6108440.135,655.841,678.731,,SBT-3-9,SBT-3-9-45
95,3,9,46,SBT-03-09-46,SBT-03-09-47,0,ARU,12,438467.8528,6108409.82,653.627,676.517,,SBT-3-9,SBT-3-9-46
96,3,9,47,SBT-03-09-47,SBT-03-09-46,1,EXTMIC,12,438498.3555,6108415.439,653.3821,676.2721,,SBT-3-9,SBT-3-9-47
97,3,9,48,SBT-03-09-48,SBT-03-09-49,0,ARU,12,438540.0838,6108403.327,654.3115,677.2015,,SBT-3-9,SBT-3-9-48
98,3,9,49,SBT-03-09-49,SBT-03-09-48,1,EXTMIC,12,438568.2469,6108402.324,652.6842,675.5742,,SBT-3-9,SBT-3-9-49
99,3,9,50,SBT-03-09-50,SBT-03-09-21,0,ARU,12,438611.7241,6108403.46,653.2153,676.1053,,SBT-3-9,SBT-3-9-50
100,3,15,1,SBT-03-15-01,SBT-03-15-06,0,ARU,12,451951.6,6097023.4,594.4,,From datasheet (451961.6 -> 451951.6),SBT-3-15,SBT-3-15-1
101,3,15,2,SBT-03-15-02,SBT-03-15-07,0,ARU,12,451984.7398,6097016.958,598.4471,621.6341,,SBT-3-15,SBT-3-15-2
102,3,15,3,SBT-03-15-03,SBT-03-15-08,0,ARU,12,452020.5013,6097015.663,603.907,627.094,,SBT-3-15,SBT-3-15-3
103,3,15,4,SBT-03-15-04,SBT-03-15-09,0,ARU,12,452059.9531,6097017.128,601.1261,624.3131,,SBT-3-15,SBT-3-15-4
104,3,15,5,SBT-03-15-05,SBT-03-15-10,0,ARU,12,452090.0297,6097010.736,598.5023,621.6893,,SBT-3-15,SBT-3-15-5
105,3,15,6,SBT-03-15-06,SBT-03-15-01,1,EXTMIC,12,451948.425,6096984.634,597.6275,620.8145,,SBT-3-15,SBT-3-15-6
106,3,15,7,SBT-03-15-07,SBT-03-15-02,1,EXTMIC,12,451986.1061,6096982.998,602.613,625.8,,SBT-3-15,SBT-3-15-7
107,3,15,8,SBT-03-15-08,SBT-03-15-03,1,EXTMIC,12,452021.2105,6096985.497,608.2588,631.4458,,SBT-3-15,SBT-3-15-8
108,3,15,9,SBT-03-15-09,SBT-03-15-04,1,EXTMIC,12,452058.0739,6096988.097,605.4948,628.6818,,SBT-3-15,SBT-3-15-9
109,3,15,10,SBT-03-15-10,SBT-03-15-05,1,EXTMIC,12,452085.1892,6096982.494,597.64,620.827,,SBT-3-15,SBT-3-15-10
110,3,15,11,SBT-03-15-11,SBT-03-15-16,0,ARU,12,451955.3088,6096958.138,606.7159,629.9029,,SBT-3-15,SBT-3-15-11
111,3,15,12,SBT-03-15-12,SBT-03-15-17,0,ARU,12,451989.4918,6096949.753,606.6726,629.8596,,SBT-3-15,SBT-3-15-12
112,3,15,13,SBT-03-15-13,SBT-03-15-18,0,ARU,12,452016.2986,6096948.995,608.294,631.481,,SBT-3-15,SBT-3-15-13
113,3,15,14,SBT-03-15-14,SBT-03-15-19,0,ARU,12,452057.7385,6096946.531,612.1332,635.3202,,SBT-3-15,SBT-3-15-14
114,3,15,15,SBT-03-15-15,SBT-03-15-20,0,ARU,12,452091.4295,6096948.345,598.8556,622.0426,,SBT-3-15,SBT-3-15-15
115,3,15,16,SBT-03-15-16,SBT-03-15-11,1,EXTMIC,12,451958.6675,6096918.481,605.4644,628.6514,,SBT-3-15,SBT-3-15-16
116,3,15,17,SBT-03-15-17,SBT-03-15-12,1,EXTMIC,12,451985.6815,6096910.646,606.558,629.745,,SBT-3-15,SBT-3-15-17
117,3,15,18,SBT-03-15-18,SBT-03-15-13,1,EXTMIC,12,452020.9234,6096916.123,607.8941,631.0811,,SBT-3-15,SBT-3-15-18
118,3,15,19,SBT-03-15-19,SBT-03-15-14,1,EXTMIC,12,452058.8259,6096920.166,606.9042,630.0912,,SBT-3-15,SBT-3-15-19
119,3,15,20,SBT-03-15-20,SBT-03-15-15,1,EXTMIC,12,452087.6813,6096918.038,599.2706,622.4576,,SBT-3-15,SBT-3-15-20
120,3,15,21,SBT-03-15-21,SBT-03-15-26,0,ARU,12,451957.8706,6096884.949,596.8763,620.0633,,SBT-3-15,SBT-3-15-21
121,3,15,22,SBT-03-15-22,SBT-03-15-27,0,ARU,12,451987.8789,6096879.674,602.9989,626.1859,,SBT-3-15,SBT-3-15-22
122,3,15,23,SBT-03-15-23,SBT-03-15-28,0,ARU,12,452027.1407,6096883.333,606.6883,629.8753,,SBT-3-15,SBT-3-15-23
123,3,15,24,SBT-03-15-24,SBT-03-15-29,0,ARU,12,452054.0327,6096873.521,604.4042,627.5912,,SBT-3-15,SBT-3-15-24
124,3,15,25,SBT-03-15-25,SBT-03-15-30,0,ARU,12,452093.618,6096878.016,597.2418,620.4288,,SBT-3-15,SBT-3-15-25
125,3,15,26,SBT-03-15-26,SBT-03-15-21,1,EXTMIC,12,451953.8589,6096848.241,594.03,617.2165,calculated 3D shift manually,SBT-3-15,SBT-3-15-26
126,3,15,27,SBT-03-15-27,SBT-03-15-22,1,EXTMIC,12,451991.883,6096846.069,601.639,624.8262,calculated 3D shift manually,SBT-3-15,SBT-3-15-27
127,3,15,28,SBT-03-15-28,SBT-03-15-23,1,EXTMIC,12,452021.7748,6096843.108,604.607,627.7938,calculated 3D shift manually,SBT-3-15,SBT-3-15-28
128,3,15,29,SBT-03-15-29,SBT-03-15-24,1,EXTMIC,12,452060.1428,6096843.525,600.914,624.1011,calculated 3D shift manually,SBT-3-15,SBT-3-15-29
129,3,15,30,SBT-03-15-30,SBT-03-15-25,1,EXTMIC,12,452095.5076,6096842.345,595.933,619.1197,calculated 3D shift manually,SBT-3-15,SBT-3-15-30
130,3,15,31,SBT-03-15-31,SBT-03-15-36,0,ARU,12,451960.1405,6096805.111,591.699,614.8858,calculated 3D shift manually,SBT-3-15,SBT-3-15-31
131,3,15,32,SBT-03-15-32,SBT-03-15-37,0,ARU,12,451984.4978,6096811.143,596.903,620.0904,calculated 3D shift manually,SBT-3-15,SBT-3-15-32
132,3,15,33,SBT-03-15-33,SBT-03-15-38,0,ARU,12,452022.4699,6096817.094,603.263,626.4497,calculated 3D shift manually,SBT-3-15,SBT-3-15-33
133,3,15,34,SBT-03-15-34,SBT-03-15-39,0,ARU,12,452058.1935,6096812.604,599.738,622.9245,calculated 3D shift manually,SBT-3-15,SBT-3-15-34
134,3,15,35,SBT-03-15-35,SBT-03-15-40,0,ARU,12,452092.1706,6096816.925,595.956,619.1433,calculated 3D shift manually,SBT-3-15,SBT-3-15-35
135,3,15,36,SBT-03-15-36,SBT-03-15-31,1,EXTMIC,12,451956.7092,6096774.285,590.816,614.0028,calculated 3D shift manually,SBT-3-15,SBT-3-15-36
136,3,15,37,SBT-03-15-37,SBT-03-15-32,1,EXTMIC,12,451991.4422,6096768.627,592.891,616.0777,calculated 3D shift manually,SBT-3-15,SBT-3-15-37
137,3,15,38,SBT-03-15-38,SBT-03-15-33,1,EXTMIC,12,452024.1006,6096776.348,600.396,623.5827,calculated 3D shift manually,SBT-3-15,SBT-3-15-38
138,3,15,39,SBT-03-15-39,SBT-03-15-34,1,EXTMIC,12,452066.8058,6096769.096,598.782,621.9686,calculated 3D shift manually,SBT-3-15,SBT-3-15-39
139,3,15,40,SBT-03-15-40,SBT-03-15-35,1,EXTMIC,12,452094.3109,6096780.972,595.538,618.7245,calculated 3D shift manually,SBT-3-15,SBT-3-15-40
140,3,15,41,SBT-03-15-41,SBT-03-15-46,0,ARU,12,451954.0948,6096739.329,594.898,618.0849,calculated 3D shift manually,SBT-3-15,SBT-3-15-41
141,3,15,42,SBT-03-15-42,SBT-03-15-47,0,ARU,12,451992.659,6096735.78,599.536,622.7226,calculated 3D shift manually,SBT-3-15,SBT-3-15-42
142,3,15,43,SBT-03-15-43,SBT-03-15-48,0,ARU,12,452020.2147,6096736.409,600.995,624.1821,calculated 3D shift manually,SBT-3-15,SBT-3-15-43
143,3,15,44,SBT-03-15-44,SBT-03-15-49,0,ARU,12,452057.7905,6096742.854,601.05,624.2365,calculated 3D shift manually,SBT-3-15,SBT-3-15-44
144,3,15,45,SBT-03-15-45,SBT-03-15-50,0,ARU,12,452098.1382,6096739.322,596.72,619.9073,calculated 3D shift manually,SBT-3-15,SBT-3-15-45
145,3,15,46,SBT-03-15-46,SBT-03-15-41,1,EXTMIC,12,451957.6038,6096701.64,596.737,619.9242,calculated 3D shift manually,SBT-3-15,SBT-3-15-46
146,3,15,47,SBT-03-15-47,SBT-03-15-42,1,EXTMIC,12,451988.0249,6096696.038,594.261,617.4475,calculated 3D shift manually,SBT-3-15,SBT-3-15-47
147,3,15,48,SBT-03-15-48,SBT-03-15-43,1,EXTMIC,12,452022.3619,6096704.546,599.23,622.4167,calculated 3D shift manually,SBT-3-15,SBT-3-15-48
148,3,15,49,SBT-03-15-49,SBT-03-15-44,1,EXTMIC,12,452059.9002,6096710.753,602.588,625.7754,calculated 3D shift manually,SBT-3-15,SBT-3-15-49
149,3,15,50,SBT-03-15-50,SBT-03-15-45,1,EXTMIC,12,452093.6072,6096707.746,599.745,622.9323,calculated 3D shift manually,SBT-3-15,SBT-3-15-50
150,3,18,1,SBT-03-18-01,SBT-03-18-06,0,ARU,12,442017.2188,6094981.604,585.0098,608.0338,,SBT-3-18,SBT-3-18-1
151,3,18,2,SBT-03-18-02,SBT-03-18-07,0,ARU,12,442045.6022,6095002.126,586.6613,609.6853,,SBT-3-18,SBT-3-18-2
152,3,18,3,SBT-03-18-03,SBT-03-18-08,0,ARU,12,442076.4388,6095020.428,592.1166,615.1406,,SBT-3-18,SBT-3-18-3
153,3,18,4,SBT-03-18-04,SBT-03-18-09,0,ARU,12,442107.6932,6095042.684,594.356,617.38,,SBT-3-18,SBT-3-18-4
154,3,18,5,SBT-03-18-05,SBT-03-18-10,0,ARU,12,442133.3503,6095053.987,600.1036,623.1276,,SBT-3-18,SBT-3-18-5
155,3,18,6,SBT-03-18-06,SBT-03-18-01,1,EXTMIC,12,442031.9434,6094954.585,585.0129,608.0369,,SBT-3-18,SBT-3-18-6
156,3,18,7,SBT-03-18-07,SBT-03-18-02,1,EXTMIC,12,442063.7972,6094975.264,587.4975,610.5215,,SBT-3-18,SBT-3-18-7
157,3,18,8,SBT-03-18-08,SBT-03-18-03,1,EXTMIC,12,442091.4378,6094994.952,591.3855,614.4095,,SBT-3-18,SBT-3-18-8
158,3,18,9,SBT-03-18-09,SBT-03-18-04,1,EXTMIC,12,442122.9046,6095011.02,591.6424,614.6664,,SBT-3-18,SBT-3-18-9
159,3,18,10,SBT-03-18-10,SBT-03-18-05,1,EXTMIC,12,442155.303,6095030.253,598.0512,621.0752,,SBT-3-18,SBT-3-18-10
160,3,18,11,SBT-03-18-11,SBT-03-18-16,0,ARU,12,442052.5013,6094925.133,581.7884,604.8124,,SBT-3-18,SBT-3-18-11
161,3,18,12,SBT-03-18-12,SBT-03-18-17,0,ARU,12,442077.67,6094940.314,586.2048,609.2288,,SBT-3-18,SBT-3-18-12
162,3,18,13,SBT-03-18-13,SBT-03-18-18,0,ARU,12,442117.9998,6094958.85,588.6861,611.7101,,SBT-3-18,SBT-3-18-13
163,3,18,14,SBT-03-18-14,SBT-03-18-19,0,ARU,12,442142.4507,6094982.105,590.8287,613.8527,,SBT-3-18,SBT-3-18-14
164,3,18,15,SBT-03-18-15,SBT-03-18-20,0,ARU,12,442165.9508,6094996.186,595.1543,618.1783,,SBT-3-18,SBT-3-18-15
165,3,18,16,SBT-03-18-16,SBT-03-18-11,1,EXTMIC,12,442067.8125,6094895.794,582.1896,605.2136,,SBT-3-18,SBT-3-18-16
166,3,18,17,SBT-03-18-17,SBT-03-18-12,1,EXTMIC,12,442094.6212,6094920.253,584.9042,607.9282,,SBT-3-18,SBT-3-18-17
167,3,18,18,SBT-03-18-18,SBT-03-18-13,1,EXTMIC,12,442130.6231,6094931.691,587.7342,610.7582,,SBT-3-18,SBT-3-18-18
168,3,18,19,SBT-03-18-19,SBT-03-18-14,1,EXTMIC,12,442159.7328,6094945.809,589.6681,612.6921,,SBT-3-18,SBT-3-18-19
169,3,18,20,SBT-03-18-20,SBT-03-18-15,1,EXTMIC,12,442193.7705,6094966.803,595.2997,618.3237,,SBT-3-18,SBT-3-18-20
170,3,18,21,SBT-03-18-21,SBT-03-18-26,0,ARU,12,442092.0057,6094860.747,578.5387,601.5627,,SBT-3-18,SBT-3-18-21
171,3,18,22,SBT-03-18-22,SBT-03-18-27,0,ARU,12,442119.9047,6094882.186,583.4479,606.4719,,SBT-3-18,SBT-3-18-22
172,3,18,23,SBT-03-18-23,SBT-03-18-28,0,ARU,12,442153.4107,6094897.352,583.5171,606.5411,,SBT-3-18,SBT-3-18-23
173,3,18,24,SBT-03-18-24,SBT-03-18-29,0,ARU,12,442177.1965,6094922.84,589.2489,612.2729,,SBT-3-18,SBT-3-18-24
174,3,18,25,SBT-03-18-25,SBT-03-18-30,0,ARU,12,442209.3631,6094933.035,592.0724,615.0964,,SBT-3-18,SBT-3-18-25
175,3,18,26,SBT-03-18-26,SBT-03-18-21,1,EXTMIC,12,442107.81,6094840.403,579.1335,602.1575,,SBT-3-18,SBT-3-18-26
176,3,18,27,SBT-03-18-27,SBT-03-18-22,1,EXTMIC,12,442141.4468,6094854.057,583.4342,606.4582,,SBT-3-18,SBT-3-18-27
177,3,18,28,SBT-03-18-28,SBT-03-18-23,1,EXTMIC,12,442170.8873,6094876.759,585.7837,608.8077,,SBT-3-18,SBT-3-18-28
178,3,18,29,SBT-03-18-29,SBT-03-18-24,1,EXTMIC,12,442194.9515,6094892.917,588.2982,611.3222,,SBT-3-18,SBT-3-18-29
179,3,18,30,SBT-03-18-30,SBT-03-18-25,1,EXTMIC,12,442224.0528,6094914.753,591.2107,614.2347,,SBT-3-18,SBT-3-18-30
180,3,18,31,SBT-03-18-31,SBT-03-18-36,0,ARU,12,442127.3849,6094807.557,580.2594,603.2834,,SBT-3-18,SBT-3-18-31
181,3,18,32,SBT-03-18-32,SBT-03-18-37,0,ARU,12,442156.0581,6094825.052,582.5651,605.5891,,SBT-3-18,SBT-3-18-32
182,3,18,33,SBT-03-18-33,SBT-03-18-38,0,ARU,12,442183.46,6094842.691,585.4887,608.5127,,SBT-3-18,SBT-3-18-33
183,3,18,34,SBT-03-18-34,SBT-03-18-39,0,ARU,12,442219.3064,6094863.824,585.5017,608.5257,,SBT-3-18,SBT-3-18-34
184,3,18,35,SBT-03-18-35,SBT-03-18-40,0,ARU,12,442244.0784,6094883.811,587.6114,610.6354,,SBT-3-18,SBT-3-18-35
185,3,18,36,SBT-03-18-36,SBT-03-18-31,1,EXTMIC,12,442147.7302,6094776.417,582.8142,605.8382,,SBT-3-18,SBT-3-18-36
186,3,18,37,SBT-03-18-37,SBT-03-18-32,1,EXTMIC,12,442173.3712,6094799.706,583.792,606.816,,SBT-3-18,SBT-3-18-37
187,3,18,38,SBT-03-18-38,SBT-03-18-33,1,EXTMIC,12,442203.9361,6094812.795,588.0375,611.0615,,SBT-3-18,SBT-3-18-38
188,3,18,39,SBT-03-18-39,SBT-03-18-34,1,EXTMIC,12,442231.7819,6094832.13,586.8783,609.9023,,SBT-3-18,SBT-3-18-39
189,3,18,40,SBT-03-18-40,SBT-03-18-35,1,EXTMIC,12,442264.7465,6094856.183,589.034,612.058,,SBT-3-18,SBT-3-18-40
190,3,18,41,SBT-03-18-41,SBT-03-18-46,0,ARU,12,442162.3992,6094750.031,582.6847,605.7087,,SBT-3-18,SBT-3-18-41
191,3,18,42,SBT-03-18-42,SBT-03-18-47,0,ARU,12,442194.4166,6094762.81,577.4201,600.4441,,SBT-3-18,SBT-3-18-42
192,3,18,43,SBT-03-18-43,SBT-03-18-48,0,ARU,12,442224.498,6094787.854,589.0907,612.1147,,SBT-3-18,SBT-3-18-43
193,3,18,44,SBT-03-18-44,SBT-03-18-49,0,ARU,12,442253.7546,6094804.892,584.0429,607.0669,,SBT-3-18,SBT-3-18-44
194,3,18,45,SBT-03-18-45,SBT-03-18-50,0,ARU,12,442280.5068,6094820.256,590.4008,613.4248,,SBT-3-18,SBT-3-18-45
195,3,18,46,SBT-03-18-46,SBT-03-18-41,1,EXTMIC,12,442181.8584,6094718.623,577.9917,601.0157,,SBT-3-18,SBT-3-18-46
196,3,18,47,SBT-03-18-47,SBT-03-18-42,1,EXTMIC,12,442212.3837,6094738.912,584.1882,607.2122,,SBT-3-18,SBT-3-18-47
197,3,18,48,SBT-03-18-48,SBT-03-18-43,1,EXTMIC,12,442240.1869,6094756.577,585.6002,608.6242,,SBT-3-18,SBT-3-18-48
198,3,18,49,SBT-03-18-49,SBT-03-18-44,1,EXTMIC,12,442266.7289,6094776.431,587.9508,610.9748,,SBT-3-18,SBT-3-18-49
199,3,18,50,SBT-03-18-50,SBT-03-18-45,1,EXTMIC,12,442295.6624,6094795.714,587.8738,610.8978,,SBT-3-18,SBT-3-18-50
200,3,32,1,SBT-03-32-01,SBT-03-32-02,0,ARU,12,470606.5991,6095040.374,636.1144,659.5664,,SBT-3-32,SBT-3-32-1
201,3,32,2,SBT-03-32-02,SBT-03-32-01,1,EXTMIC,12,470643.7299,6095036.957,647.5369,670.9889,,SBT-3-32,SBT-3-32-2
202,3,32,3,SBT-03-32-03,SBT-03-32-04,0,ARU,12,470674.218,6095038.757,648.4232,671.8752,,SBT-3-32,SBT-3-32-3
203,3,32,4,SBT-03-32-04,SBT-03-32-03,1,EXTMIC,12,470714.6871,6095037.422,643.4977,666.9497,,SBT-3-32,SBT-3-32-4
204,3,32,5,SBT-03-32-05,SBT-03-32-26,0,ARU,12,470748.5255,6095043.339,641.8132,665.2652,,SBT-3-32,SBT-3-32-5
205,3,32,6,SBT-03-32-06,SBT-03-32-07,0,ARU,12,470617.08,6095004.156,643.1117,666.5637,,SBT-3-32,SBT-3-32-6
206,3,32,7,SBT-03-32-07,SBT-03-32-06,1,EXTMIC,12,470648.0575,6095005.141,652.2864,675.7384,,SBT-3-32,SBT-3-32-7
207,3,32,8,SBT-03-32-08,SBT-03-32-09,0,ARU,12,470678.5722,6095006.746,646.4968,669.9488,,SBT-3-32,SBT-3-32-8
208,3,32,9,SBT-03-32-09,SBT-03-32-08,1,EXTMIC,12,470711.154,6095005.855,652.3175,675.7695,,SBT-3-32,SBT-3-32-9
209,3,32,10,SBT-03-32-10,SBT-03-32-31,0,ARU,12,470746.4543,6095007.118,640.2659,663.7179,,SBT-3-32,SBT-3-32-10
210,3,32,11,SBT-03-32-11,SBT-03-32-12,0,ARU,12,470611.6073,6094968.893,653.0489,676.5009,,SBT-3-32,SBT-3-32-11
211,3,32,12,SBT-03-32-12,SBT-03-32-11,1,EXTMIC,12,470647.0954,6094966.113,653.5991,677.0511,,SBT-3-32,SBT-3-32-12
212,3,32,13,SBT-03-32-13,SBT-03-32-14,0,ARU,12,470677.0054,6094971.008,653.8708,677.3228,,SBT-3-32,SBT-3-32-13
213,3,32,14,SBT-03-32-14,SBT-03-32-13,1,EXTMIC,12,470713.506,6094967.677,651.8397,675.2917,,SBT-3-32,SBT-3-32-14
214,3,32,15,SBT-03-32-15,SBT-03-32-36,0,ARU,12,470743.7451,6094971.033,642.8178,666.2698,,SBT-3-32,SBT-3-32-15
215,3,32,16,SBT-03-32-16,SBT-03-32-17,0,ARU,12,470614.857,6094934.557,652.5217,675.9737,,SBT-3-32,SBT-3-32-16
216,3,32,17,SBT-03-32-17,SBT-03-32-16,1,EXTMIC,12,470644.0068,6094933.246,657.1189,680.5709,,SBT-3-32,SBT-3-32-17
217,3,32,18,SBT-03-32-18,SBT-03-32-19,0,ARU,12,470677.8612,6094927.627,655.133,678.585,,SBT-3-32,SBT-3-32-18
218,3,32,19,SBT-03-32-19,SBT-03-32-18,1,EXTMIC,12,470709.6581,6094933.042,656.4431,679.8951,,SBT-3-32,SBT-3-32-19
219,3,32,20,SBT-03-32-20,SBT-03-32-41,0,ARU,12,470749.8455,6094934.299,648.2881,671.7401,,SBT-3-32,SBT-3-32-20
220,3,32,21,SBT-03-32-21,SBT-03-32-22,0,ARU,12,470608.2855,6094900.694,658.8033,682.2553,,SBT-3-32,SBT-3-32-21
221,3,32,22,SBT-03-32-22,SBT-03-32-21,1,EXTMIC,12,470639.6588,6094897.986,662.0847,685.5367,,SBT-3-32,SBT-3-32-22
222,3,32,23,SBT-03-32-23,SBT-03-32-24,0,ARU,12,470672.5626,6094901.443,665.9964,689.4484,,SBT-3-32,SBT-3-32-23
223,3,32,24,SBT-03-32-24,SBT-03-32-23,1,EXTMIC,12,470713.3593,6094900.33,653.6972,677.1492,,SBT-3-32,SBT-3-32-24
224,3,32,25,SBT-03-32-25,SBT-03-32-46,0,ARU,12,470746.2154,6094902.46,660.8992,684.3512,,SBT-3-32,SBT-3-32-25
225,3,32,26,SBT-03-32-26,SBT-03-32-05,1,EXTMIC,12,470781.6788,6095033.74,641.2506,664.7026,,SBT-3-32,SBT-3-32-26
226,3,32,27,SBT-03-32-27,SBT-03-32-28,0,ARU,12,470815.062,6095041.0,632.9906,656.4426,,SBT-3-32,SBT-3-32-27
227,3,32,28,SBT-03-32-28,SBT-03-32-27,1,EXTMIC,12,470852.3181,6095039.042,632.5576,656.0096,,SBT-3-32,SBT-3-32-28
228,3,32,29,SBT-03-32-29,SBT-03-32-30,0,ARU,12,470886.2983,6095037.76,637.2721,660.7241,,SBT-3-32,SBT-3-32-29
229,3,32,30,SBT-03-32-30,SBT-03-32-29,1,EXTMIC,12,470923.8985,6095035.863,639.4807,662.9327,,SBT-3-32,SBT-3-32-30
230,3,32,31,SBT-03-32-31,SBT-03-32-10,1,EXTMIC,12,470780.3757,6095003.0,642.731,666.183,,SBT-3-32,SBT-3-32-31
231,3,32,32,SBT-03-32-32,SBT-03-32-33,0,ARU,12,470816.5348,6095005.778,639.287,662.739,,SBT-3-32,SBT-3-32-32
232,3,32,33,SBT-03-32-33,SBT-03-32-32,1,EXTMIC,12,470853.6651,6094998.449,641.0605,664.5125,,SBT-3-32,SBT-3-32-33
233,3,32,34,SBT-03-32-34,SBT-03-32-35,0,ARU,12,470885.2211,6095009.567,635.2438,658.6958,,SBT-3-32,SBT-3-32-34
234,3,32,35,SBT-03-32-35,SBT-03-32-34,1,EXTMIC,12,470923.8226,6095004.013,640.0615,663.5135,"Adjusted coordinates (1.76336,_2.42705)",SBT-3-32,SBT-3-32-35
235,3,32,36,SBT-03-32-36,SBT-03-32-15,1,EXTMIC,12,470780.964,6094973.137,647.1471,670.5991,,SBT-3-32,SBT-3-32-36
236,3,32,37,SBT-03-32-37,SBT-03-32-38,0,ARU,12,470817.8509,6094968.067,640.6554,664.1074,,SBT-3-32,SBT-3-32-37
237,3,32,38,SBT-03-32-38,SBT-03-32-37,1,EXTMIC,12,470854.8624,6094970.696,638.4453,661.8973,,SBT-3-32,SBT-3-32-38
238,3,32,39,SBT-03-32-39,SBT-03-32-40,0,ARU,12,470890.4563,6094969.188,641.3234,664.7754,,SBT-3-32,SBT-3-32-39
239,3,32,40,SBT-03-32-40,SBT-03-32-39,1,EXTMIC,12,470921.7347,6094968.893,638.6373,662.0893,,SBT-3-32,SBT-3-32-40
240,3,32,41,SBT-03-32-41,SBT-03-32-20,1,EXTMIC,12,470785.5354,6094931.972,644.9199,668.3719,,SBT-3-32,SBT-3-32-41
241,3,32,42,SBT-03-32-42,SBT-03-32-43,0,ARU,12,470812.9466,6094930.869,647.7238,671.1758,,SBT-3-32,SBT-3-32-42
242,3,32,43,SBT-03-32-43,SBT-03-32-42,1,EXTMIC,12,470851.6734,6094933.754,649.2777,672.7297,,SBT-3-32,SBT-3-32-43
243,3,32,44,SBT-03-32-44,SBT-03-32-45,0,ARU,12,470886.5738,6094936.342,643.8523,667.3043,,SBT-3-32,SBT-3-32-44
244,3,32,45,SBT-03-32-45,SBT-03-32-44,1,EXTMIC,12,470923.8995,6094930.664,636.7813,660.2333,,SBT-3-32,SBT-3-32-45
245,3,32,46,SBT-03-32-46,SBT-03-32-25,1,EXTMIC,12,470782.4288,6094895.676,652.6239,676.0759,,SBT-3-32,SBT-3-32-46
246,3,32,47,SBT-03-32-47,SBT-03-32-48,0,ARU,12,470820.9403,6094901.644,649.8459,673.2979,,SBT-3-32,SBT-3-32-47
247,3,32,48,SBT-03-32-48,SBT-03-32-47,1,EXTMIC,12,470855.3209,6094901.497,648.0452,671.4972,,SBT-3-32,SBT-3-32-48
248,3,32,49,SBT-03-32-49,SBT-03-32-50,0,ARU,12,470887.0862,6094898.767,646.2001,669.6521,,SBT-3-32,SBT-3-32-49
249,3,32,50,SBT-03-32-50,SBT-03-32-49,1,EXTMIC,12,470928.2312,6094901.897,641.5103,664.9623,,SBT-3-32,SBT-3-32-50
250,3,33,1,SBT-03-33-01,SBT-03-33-30,0,ARU,12,470378.8804,6096404.926,628.8336,652.2936,,SBT-3-33,SBT-3-33-1
251,3,33,2,SBT-03-33-02,SBT-03-33-03,1,EXTMIC,12,470404.7199,6096430.828,615.9344,639.3944,,SBT-3-33,SBT-3-33-2
252,3,33,3,SBT-03-33-03,SBT-03-33-02,0,ARU,12,470435.4934,6096447.907,617.0249,640.4849,,SBT-3-33,SBT-3-33-3
253,3,33,4,SBT-03-33-04,SBT-03-33-09,0,ARU,12,470461.2818,6096477.609,618.8407,642.3007,,SBT-3-33,SBT-3-33-4
254,3,33,5,SBT-03-33-05,SBT-03-33-10,0,ARU,12,470481.8703,6096491.352,623.7501,647.2101,,SBT-3-33,SBT-3-33-5
255,3,33,6,SBT-03-33-06,SBT-03-33-35,0,ARU,12,470402.2181,6096375.458,626.1944,649.6544,,SBT-3-33,SBT-3-33-6
256,3,33,7,SBT-03-33-07,SBT-03-33-08,1,EXTMIC,12,470426.2938,6096394.782,622.6956,646.1556,,SBT-3-33,SBT-3-33-7
257,3,33,8,SBT-03-33-08,SBT-03-33-07,0,ARU,12,470453.2734,6096423.023,619.8166,643.2766,,SBT-3-33,SBT-3-33-8
258,3,33,9,SBT-03-33-09,SBT-03-33-04,1,EXTMIC,12,470478.1818,6096444.91,619.4028,642.8628,,SBT-3-33,SBT-3-33-9
259,3,33,10,SBT-03-33-10,SBT-03-33-05,1,EXTMIC,12,470506.1025,6096462.236,618.6098,642.0698,,SBT-3-33,SBT-3-33-10
260,3,33,11,SBT-03-33-11,SBT-03-33-40,0,ARU,12,470422.5674,6096346.414,624.278,647.738,,SBT-3-33,SBT-3-33-11
261,3,33,12,SBT-03-33-12,SBT-03-33-13,1,EXTMIC,12,470443.9269,6096373.026,621.1631,644.6231,,SBT-3-33,SBT-3-33-12
262,3,33,13,SBT-03-33-13,SBT-03-33-12,0,ARU,12,470475.6417,6096391.611,615.9548,639.4148,,SBT-3-33,SBT-3-33-13
263,3,33,14,SBT-03-33-14,SBT-03-33-15,1,EXTMIC,12,470507.6548,6096412.129,615.8262,639.2862,,SBT-3-33,SBT-3-33-14
264,3,33,15,SBT-03-33-15,SBT-03-33-14,0,ARU,12,470528.334,6096434.192,618.3671,641.8271,,SBT-3-33,SBT-3-33-15
265,3,33,16,SBT-03-33-16,SBT-03-33-45,0,ARU,12,470441.7123,6096328.51,621.2672,644.7272,,SBT-3-33,SBT-3-33-16
266,3,33,17,SBT-03-33-17,SBT-03-33-18,1,EXTMIC,12,470472.1043,6096336.464,623.1087,646.5687,,SBT-3-33,SBT-3-33-17
267,3,33,18,SBT-03-33-18,SBT-03-33-17,0,ARU,12,470494.4735,6096362.798,615.6229,639.0829,,SBT-3-33,SBT-3-33-18
268,3,33,19,SBT-03-33-19,SBT-03-33-20,1,EXTMIC,12,470524.1731,6096389.976,608.7002,632.1602,,SBT-3-33,SBT-3-33-19
269,3,33,20,SBT-03-33-20,SBT-03-33-19,0,ARU,12,470550.9207,6096408.946,620.4751,643.9351,,SBT-3-33,SBT-3-33-20
270,3,33,21,SBT-03-33-21,SBT-03-33-50,0,ARU,12,470458.6848,6096294.037,619.7039,643.1639,,SBT-3-33,SBT-3-33-21
271,3,33,22,SBT-03-33-22,SBT-03-33-23,1,EXTMIC,12,470487.627,6096312.241,620.0678,643.5278,,SBT-3-33,SBT-3-33-22
272,3,33,23,SBT-03-33-23,SBT-03-33-22,0,ARU,12,470513.9734,6096336.295,610.8565,634.3165,,SBT-3-33,SBT-3-33-23
273,3,33,24,SBT-03-33-24,SBT-03-33-25,1,EXTMIC,12,470545.7061,6096358.047,612.6911,636.1511,,SBT-3-33,SBT-3-33-24
274,3,33,25,SBT-03-33-25,SBT-03-33-24,0,ARU,12,470575.3668,6096386.033,615.7046,639.1646,,SBT-3-33,SBT-3-33-25
275,3,33,26,SBT-03-33-26,SBT-03-33-27,1,EXTMIC,12,470242.6589,6096287.078,606.1196,629.5796,,SBT-3-33,SBT-3-33-26
276,3,33,27,SBT-03-33-27,SBT-03-33-26,0,ARU,12,470275.4359,6096307.096,613.2923,636.7523,,SBT-3-33,SBT-3-33-27
277,3,33,28,SBT-03-33-28,SBT-03-33-29,1,EXTMIC,12,470300.4707,6096327.17,618.0975,641.5575,,SBT-3-33,SBT-3-33-28
278,3,33,29,SBT-03-33-29,SBT-03-33-28,0,ARU,12,470330.5429,6096350.177,619.5513,643.0113,,SBT-3-33,SBT-3-33-29
279,3,33,30,SBT-03-33-30,SBT-03-33-01,1,EXTMIC,12,470354.9428,6096382.948,623.338,646.798,,SBT-3-33,SBT-3-33-30
280,3,33,31,SBT-03-33-31,SBT-03-33-32,1,EXTMIC,12,470273.9493,6096262.638,608.3435,631.8035,"Adjusted coordinates (_1.87939,_0.68404)",SBT-3-33,SBT-3-33-31
281,3,33,32,SBT-03-33-32,SBT-03-33-31,0,ARU,12,470293.3984,6096284.864,617.8637,641.3237,,SBT-3-33,SBT-3-33-32
282,3,33,33,SBT-03-33-33,SBT-03-33-34,1,EXTMIC,12,470328.8768,6096303.48,609.7506,633.2106,,SBT-3-33,SBT-3-33-33
283,3,33,34,SBT-03-33-34,SBT-03-33-33,0,ARU,12,470347.9559,6096330.564,610.6688,634.1288,,SBT-3-33,SBT-3-33-34
284,3,33,35,SBT-03-33-35,SBT-03-33-06,1,EXTMIC,12,470380.2726,6096354.708,624.5646,648.0246,,SBT-3-33,SBT-3-33-35
285,3,33,36,SBT-03-33-36,SBT-03-33-37,1,EXTMIC,12,470291.9738,6096238.373,611.338,634.798,,SBT-3-33,SBT-3-33-36
286,3,33,37,SBT-03-33-37,SBT-03-33-36,0,ARU,12,470314.0949,6096255.719,613.3132,636.7732,,SBT-3-33,SBT-3-33-37
287,3,33,38,SBT-03-33-38,SBT-03-33-39,1,EXTMIC,12,470338.5617,6096278.367,616.0606,639.5206,,SBT-3-33,SBT-3-33-38
288,3,33,39,SBT-03-33-39,SBT-03-33-38,0,ARU,12,470374.0608,6096299.037,626.5436,650.0036,,SBT-3-33,SBT-3-33-39
289,3,33,40,SBT-03-33-40,SBT-03-33-11,1,EXTMIC,12,470399.6947,6096321.443,627.7399,651.1999,,SBT-3-33,SBT-3-33-40
290,3,33,41,SBT-03-33-41,SBT-03-33-42,1,EXTMIC,12,470321.2548,6096204.693,609.2639,632.7239,,SBT-3-33,SBT-3-33-41
291,3,33,42,SBT-03-33-42,SBT-03-33-41,0,ARU,12,470343.5243,6096222.986,615.2614,638.7214,,SBT-3-33,SBT-3-33-42
292,3,33,43,SBT-03-33-43,SBT-03-33-44,1,EXTMIC,12,470362.9293,6096250.391,617.6611,641.1211,,SBT-3-33,SBT-3-33-43
293,3,33,44,SBT-03-33-44,SBT-03-33-43,0,ARU,12,470392.8387,6096273.146,618.0017,641.4617,,SBT-3-33,SBT-3-33-44
294,3,33,45,SBT-03-33-45,SBT-03-33-16,1,EXTMIC,12,470422.1448,6096300.361,622.1503,645.6103,,SBT-3-33,SBT-3-33-45
295,3,33,46,SBT-03-33-46,SBT-03-33-47,1,EXTMIC,12,470340.6107,6096182.357,606.9969,630.4569,,SBT-3-33,SBT-3-33-46
296,3,33,47,SBT-03-33-47,SBT-03-33-46,0,ARU,12,470360.7887,6096201.648,610.7411,634.2011,,SBT-3-33,SBT-3-33-47
297,3,33,48,SBT-03-33-48,SBT-03-33-49,1,EXTMIC,12,470391.3663,6096224.158,617.1589,640.6189,,SBT-3-33,SBT-3-33-48
298,3,33,49,SBT-03-33-49,SBT-03-33-48,0,ARU,12,470415.9811,6096237.757,620.6667,644.1267,,SBT-3-33,SBT-3-33-49
299,3,33,50,SBT-03-33-50,SBT-03-33-21,1,EXTMIC,12,470443.9871,6096273.705,621.4191,644.8791,,SBT-3-33,SBT-3-33-50
300,3,38,1,SBT-03-38-01,UNPAIRED,0,ARU,12,456829.67,6075516.51,,,Obtained from ARU GPS,SBT-3-38,SBT-3-38-1
301,3,38,2,SBT-03-38-02,UNPAIRED,0,ARU,12,456863.23,6075542.51,,,Obtained from ARU GPS,SBT-3-38,SBT-3-38-2
302,3,38,3,SBT-03-38-03,UNPAIRED,0,ARU,12,456888.64,6075560.54,,,Obtained from ARU GPS,SBT-3-38,SBT-3-38-3
303,3,38,4,SBT-03-38-04,UNPAIRED,0,ARU,12,456918.29,6075582.76,,,Obtained from ARU GPS,SBT-3-38,SBT-3-38-4
304,3,38,5,SBT-03-38-05,UNPAIRED,0,ARU,12,456941.72,6075596.84,,,Obtained from ARU GPS,SBT-3-38,SBT-3-38-5
305,3,38,6,SBT-03-38-06,UNPAIRED,0,ARU,12,456852.46,6075494.44,,658.2666,Obtained from ARU GPS,SBT-3-38,SBT-3-38-6
306,3,38,7,SBT-03-38-07,UNPAIRED,0,ARU,12,456884.62,6075518.14,,660.4497,Obtained from ARU GPS,SBT-3-38,SBT-3-38-7
307,3,38,8,SBT-03-38-08,UNPAIRED,0,ARU,12,456915.07,6075535.56,,663.495,Obtained from ARU GPS,SBT-3-38,SBT-3-38-8
308,3,38,9,SBT-03-38-09,UNPAIRED,0,ARU,12,456941.85,6075549.82,,,Obtained from ARU GPS,SBT-3-38,SBT-3-38-9
309,3,38,10,SBT-03-38-10,UNPAIRED,0,ARU,12,456964.64,6075574.71,,667.4351,Obtained from ARU GPS,SBT-3-38,SBT-3-38-10
310,3,38,11,SBT-03-38-11,UNPAIRED,0,ARU,12,456877.0,6075471.51,,659.4185,Obtained from ARU GPS,SBT-3-38,SBT-3-38-11
311,3,38,12,SBT-03-38-12,UNPAIRED,0,ARU,12,456904.66,6075477.05,,661.3703,Obtained from ARU GPS,SBT-3-38,SBT-3-38-12
312,3,38,13,SBT-03-38-13,UNPAIRED,0,ARU,12,456931.28,6075506.35,,663.4985,Obtained from ARU GPS,SBT-3-38,SBT-3-38-13
313,3,38,14,SBT-03-38-14,UNPAIRED,0,ARU,12,456958.46,6075520.54,,665.105,Obtained from ARU GPS,SBT-3-38,SBT-3-38-14
314,3,38,15,SBT-03-38-15,UNPAIRED,0,ARU,12,456986.99,6075543.07,,,Obtained from ARU GPS,SBT-3-38,SBT-3-38-15
315,3,38,16,SBT-03-38-16,UNPAIRED,0,ARU,12,456896.25,6075434.76,,,Obtained from ARU GPS,SBT-3-38,SBT-3-38-16
316,3,38,17,SBT-03-38-17,UNPAIRED,0,ARU,12,456931.44,6075455.5,,639.3388,Obtained from ARU GPS,SBT-3-38,SBT-3-38-17
317,3,38,18,SBT-03-38-18,UNPAIRED,0,ARU,12,456953.93,6075476.65,,640.6682,Obtained from ARU GPS,SBT-3-38,SBT-3-38-18
318,3,38,19,SBT-03-38-19,UNPAIRED,0,ARU,12,456975.5,6075486.75,,641.9992,Obtained from ARU GPS,SBT-3-38,SBT-3-38-19
319,3,38,20,SBT-03-38-20,UNPAIRED,0,ARU,12,457005.95,6075520.41,,,Obtained from ARU GPS,SBT-3-38,SBT-3-38-20
320,3,38,21,SBT-03-38-21,UNPAIRED,0,ARU,12,456917.58,6075404.12,,,Obtained from ARU GPS,SBT-3-38,SBT-3-38-21
321,3,38,22,SBT-03-38-22,UNPAIRED,0,ARU,12,456943.36,6075429.54,,,Obtained from ARU GPS,SBT-3-38,SBT-3-38-22
322,3,38,23,SBT-03-38-23,UNPAIRED,0,ARU,12,456971.06,6075448.3,,,Obtained from ARU GPS,SBT-3-38,SBT-3-38-23
323,3,38,24,SBT-03-38-24,UNPAIRED,0,ARU,12,456993.77,6075471.65,,,Obtained from ARU GPS,SBT-3-38,SBT-3-38-24
324,3,38,25,SBT-03-38-25,UNPAIRED,0,ARU,12,457032.2,6075492.7,,647.2448,Obtained from ARU GPS,SBT-3-38,SBT-3-38-25
325,3,39,1,SBT-03-39-01,SBT-03-39-02,0,ARU,12,439313.3433,6108579.051,632.2923,655.1993,,SBT-3-39,SBT-3-39-1
326,3,39,2,SBT-03-39-02,SBT-03-39-01,1,EXTMIC,12,439343.2469,6108580.867,628.6245,651.5315,,SBT-3-39,SBT-3-39-2
327,3,39,3,SBT-03-39-03,SBT-03-39-04,0,ARU,12,439380.1754,6108577.549,630.9354,653.8424,,SBT-3-39,SBT-3-39-3
328,3,39,4,SBT-03-39-04,SBT-03-39-03,1,EXTMIC,12,439414.3717,6108584.643,631.5593,654.4663,,SBT-3-39,SBT-3-39-4
329,3,39,5,SBT-03-39-05,SBT-03-39-10,0,ARU,12,439449.6378,6108583.964,628.9359,651.8429,,SBT-3-39,SBT-3-39-5
330,3,39,6,SBT-03-39-06,SBT-03-39-07,0,ARU,12,439308.9685,6108548.273,637.4689,660.3759,,SBT-3-39,SBT-3-39-6
331,3,39,7,SBT-03-39-07,SBT-03-39-06,1,EXTMIC,12,439342.2382,6108544.012,637.3681,660.2751,,SBT-3-39,SBT-3-39-7
332,3,39,8,SBT-03-39-08,SBT-03-39-09,0,ARU,12,439384.0453,6108549.33,636.5207,659.4277,,SBT-3-39,SBT-3-39-8
333,3,39,9,SBT-03-39-09,SBT-03-39-08,1,EXTMIC,12,439414.1152,6108546.869,634.0257,656.9327,,SBT-3-39,SBT-3-39-9
334,3,39,10,SBT-03-39-10,SBT-03-39-05,1,EXTMIC,12,439446.4948,6108551.136,628.1799,651.0869,,SBT-3-39,SBT-3-39-10
335,3,39,11,SBT-03-39-11,SBT-03-39-12,0,ARU,12,439313.106,6108509.344,632.9235,655.8305,,SBT-3-39,SBT-3-39-11
336,3,39,12,SBT-03-39-12,SBT-03-39-11,1,EXTMIC,12,439344.3416,6108504.246,633.1194,656.0264,,SBT-3-39,SBT-3-39-12
337,3,39,13,SBT-03-39-13,SBT-03-39-14,0,ARU,12,439375.5919,6108514.948,633.8672,656.7742,,SBT-3-39,SBT-3-39-13
338,3,39,14,SBT-03-39-14,SBT-03-39-13,1,EXTMIC,12,439412.1372,6108508.349,631.8827,654.7897,,SBT-3-39,SBT-3-39-14
339,3,39,15,SBT-03-39-15,SBT-03-39-20,0,ARU,12,439448.8461,6108509.692,626.2709,649.1779,,SBT-3-39,SBT-3-39-15
340,3,39,16,SBT-03-39-16,SBT-03-39-17,0,ARU,12,439305.5675,6108470.909,630.3476,653.2546,,SBT-3-39,SBT-3-39-16
341,3,39,17,SBT-03-39-17,SBT-03-39-16,1,EXTMIC,12,439345.726,6108472.48,632.0082,654.9152,,SBT-3-39,SBT-3-39-17
342,3,39,18,SBT-03-39-18,SBT-03-39-19,0,ARU,12,439384.1026,6108473.477,632.0353,654.9423,,SBT-3-39,SBT-3-39-18
343,3,39,19,SBT-03-39-19,SBT-03-39-18,1,EXTMIC,12,439413.8713,6108474.784,631.5679,654.4749,,SBT-3-39,SBT-3-39-19
344,3,39,20,SBT-03-39-20,SBT-03-39-15,1,EXTMIC,12,439456.2192,6108476.537,623.6484,646.5554,,SBT-3-39,SBT-3-39-20
345,3,39,21,SBT-03-39-21,SBT-03-39-22,0,EXTMIC,12,439306.6485,6108441.911,626.9548,649.8618,"Coordinates adjusted (_1,0)",SBT-3-39,SBT-3-39-21
346,3,39,22,SBT-03-39-22,SBT-03-39-21,1,EXTMIC,12,439346.2344,6108444.254,625.783,648.69,,SBT-3-39,SBT-3-39-22
347,3,39,23,SBT-03-39-23,SBT-03-39-24,0,ARU,12,439383.9384,6108442.379,627.3737,650.2807,,SBT-3-39,SBT-3-39-23
348,3,39,24,SBT-03-39-24,SBT-03-39-23,1,EXTMIC,12,439413.3547,6108434.397,627.0156,649.9226,,SBT-3-39,SBT-3-39-24
349,3,39,25,SBT-03-39-25,SBT-03-39-46,0,ARU,12,439451.0257,6108443.981,625.8949,648.8019,,SBT-3-39,SBT-3-39-25
350,3,39,26,SBT-03-39-26,SBT-03-39-31,0,ARU,12,439481.9689,6108550.12,624.5639,647.4709,,SBT-3-39,SBT-3-39-26
351,3,39,27,SBT-03-39-27,SBT-03-39-28,0,ARU,12,439520.5799,6108545.226,623.3038,646.2108,,SBT-3-39,SBT-3-39-27
352,3,39,28,SBT-03-39-28,SBT-03-39-27,1,EXTMIC,12,439554.3353,6108541.809,629.8532,652.7602,,SBT-3-39,SBT-3-39-28
353,3,39,29,SBT-03-39-29,SBT-03-39-30,0,ARU,12,439583.8826,6108540.852,623.1124,646.0194,,SBT-3-39,SBT-3-39-29
354,3,39,30,SBT-03-39-30,SBT-03-39-29,1,EXTMIC,12,439614.5893,6108544.366,618.4564,641.3634,,SBT-3-39,SBT-3-39-30
355,3,39,31,SBT-03-39-31,SBT-03-31-26,1,EXTMIC,12,439479.4174,6108514.718,623.9142,646.8212,,SBT-3-39,SBT-3-39-31
356,3,39,32,SBT-03-39-32,SBT-03-39-33,0,ARU,12,439517.9586,6108511.288,623.986,646.893,,SBT-3-39,SBT-3-39-32
357,3,39,33,SBT-03-39-33,SBT-03-39-32,1,EXTMIC,12,439556.6769,6108511.961,623.0964,646.0034,,SBT-3-39,SBT-3-39-33
358,3,39,34,SBT-03-39-34,SBT-03-39-35,0,ARU,12,439589.2973,6108508.678,622.6102,645.5172,,SBT-3-39,SBT-3-39-34
359,3,39,35,SBT-03-39-35,SBT-03-39-34,1,EXTMIC,12,439618.7301,6108511.753,619.0069,641.9139,,SBT-3-39,SBT-3-39-35
360,3,39,36,SBT-03-39-36,SBT-03-39-41,0,ARU,12,439487.5394,6108475.585,621.0683,643.9753,,SBT-3-39,SBT-3-39-36
361,3,39,37,SBT-03-39-37,SBT-03-39-38,0,ARU,12,439516.9692,6108473.044,616.6634,639.5704,,SBT-3-39,SBT-3-39-37
362,3,39,38,SBT-03-39-38,SBT-03-39-37,1,EXTMIC,12,439553.9374,6108472.864,617.035,639.942,,SBT-3-39,SBT-3-39-38
363,3,39,39,SBT-03-39-39,SBT-03-39-40,0,ARU,12,439587.4552,6108474.399,616.9278,639.8348,,SBT-3-39,SBT-3-39-39
364,3,39,40,SBT-03-39-40,SBT-03-39-39,1,EXTMIC,12,439610.5736,6108471.861,614.4471,637.3541,,SBT-3-39,SBT-3-39-40
365,3,39,41,SBT-03-39-41,SBT-03-39-36,1,EXTMIC,12,439486.5326,6108443.329,619.7268,642.6338,,SBT-3-39,SBT-3-39-41
366,3,39,42,SBT-03-39-42,SBT-03-39-43,0,ARU,12,439515.8701,6108434.733,619.587,642.494,,SBT-3-39,SBT-3-39-42
367,3,39,43,SBT-03-39-43,SBT-03-39-42,1,EXTMIC,12,439545.6521,6108439.829,617.1392,640.0462,,SBT-3-39,SBT-3-39-43
368,3,39,44,SBT-03-39-44,SBT-03-39-45,0,ARU,12,439593.5957,6108440.57,613.736,636.643,,SBT-3-39,SBT-3-39-44
369,3,39,45,SBT-03-39-45,SBT-03-39-44,1,EXTMIC,12,439621.1455,6108440.854,610.3739,633.2809,,SBT-3-39,SBT-3-39-45
370,3,39,46,SBT-03-39-46,SBT-03-39-25,1,EXTMIC,12,439480.127,6108409.211,616.9723,639.8793,,SBT-3-39,SBT-3-39-46
371,3,39,47,SBT-03-39-47,SBT-03-39-48,0,ARU,12,439526.2695,6108407.161,615.9,638.807,,SBT-3-39,SBT-3-39-47
372,3,39,48,SBT-03-39-48,SBT-03-39-47,1,EXTMIC,12,439550.2624,6108405.688,608.4573,631.3643,,SBT-3-39,SBT-3-39-48
373,3,39,49,SBT-03-39-49,SBT-03-39-50,0,ARU,12,439590.384,6108401.674,613.0144,635.9214,,SBT-3-39,SBT-3-39-49
374,3,39,50,SBT-03-39-50,SBT-03-39-49,1,EXTMIC,12,439622.868,6108402.354,613.1642,636.0712,,SBT-3-39,SBT-3-39-50
375,3,49,1,SBT-03-49-01,SBT-03-49-46,1,EXTMIC,12,454013.9292,6101627.907,605.8775,629.0975,,SBT-3-49,SBT-3-49-1
376,3,49,2,SBT-03-49-02,SBT-03-49-47,1,EXTMIC,12,454053.8249,6101625.532,610.0059,633.2259,,SBT-3-49,SBT-3-49-2
377,3,49,3,SBT-03-49-03,SBT-03-49-48,1,EXTMIC,12,454093.5182,6101629.199,611.3411,634.5611,,SBT-3-49,SBT-3-49-3
378,3,49,4,SBT-03-49-04,SBT-03-49-49,1,EXTMIC,12,454127.3407,6101624.804,610.4282,633.6482,,SBT-3-49,SBT-3-49-4
379,3,49,5,SBT-03-49-05,SBT-03-49-50,1,EXTMIC,12,454160.8485,6101625.127,610.6425,633.8625,,SBT-3-49,SBT-3-49-5
380,3,49,6,SBT-03-49-06,SBT-03-49-11,0,ARU,12,454021.4967,6101589.804,610.7693,633.9893,,SBT-3-49,SBT-3-49-6
381,3,49,7,SBT-03-49-07,SBT-03-49-12,0,ARU,12,454051.352,6101587.98,607.9708,631.1908,,SBT-3-49,SBT-3-49-7
382,3,49,8,SBT-03-49-08,SBT-03-49-13,0,ARU,12,454089.9651,6101591.879,607.3291,630.5491,,SBT-3-49,SBT-3-49-8
383,3,49,9,SBT-03-49-09,SBT-03-49-14,0,ARU,12,454129.6433,6101583.09,612.7331,635.9531,,SBT-3-49,SBT-3-49-9
384,3,49,10,SBT-03-49-10,SBT-03-49-15,0,ARU,12,454160.9645,6101589.364,609.2427,632.4627,,SBT-3-49,SBT-3-49-10
385,3,49,11,SBT-03-49-11,SBT-03-49-06,1,EXTMIC,12,454025.6891,6101562.123,607.6008,630.8208,,SBT-3-49,SBT-3-49-11
386,3,49,12,SBT-03-49-12,SBT-03-49-07,1,EXTMIC,12,454061.3459,6101553.015,609.0718,632.2918,,SBT-3-49,SBT-3-49-12
387,3,49,13,SBT-03-49-13,SBT-03-49-08,1,EXTMIC,12,454089.8589,6101555.331,606.6337,629.8537,,SBT-3-49,SBT-3-49-13
388,3,49,14,SBT-03-49-14,SBT-03-49-09,1,EXTMIC,12,454122.2565,6101554.872,609.6591,632.8791,,SBT-3-49,SBT-3-49-14
389,3,49,15,SBT-03-49-15,SBT-03-49-10,1,EXTMIC,12,454164.0594,6101548.797,605.0305,628.2505,,SBT-3-49,SBT-3-49-15
390,3,49,16,SBT-03-49-16,SBT-03-49-21,0,ARU,12,454018.3344,6101519.595,605.7799,628.9999,,SBT-3-49,SBT-3-49-16
391,3,49,17,SBT-03-49-17,SBT-03-49-22,0,ARU,12,454052.2237,6101525.309,605.5297,628.7497,,SBT-3-49,SBT-3-49-17
392,3,49,18,SBT-03-49-18,SBT-03-49-23,0,ARU,12,454092.3026,6101523.989,606.0262,629.2462,,SBT-3-49,SBT-3-49-18
393,3,49,19,SBT-03-49-19,SBT-03-49-24,0,ARU,12,454129.6174,6101532.535,612.5531,635.7731,,SBT-3-49,SBT-3-49-19
394,3,49,20,SBT-03-49-20,SBT-03-49-25,0,ARU,12,454159.8331,6101515.433,604.6172,627.8372,,SBT-3-49,SBT-3-49-20
395,3,49,21,SBT-03-49-21,SBT-03-49-16,1,EXTMIC,12,454015.9213,6101486.308,605.112,628.332,,SBT-3-49,SBT-3-49-21
396,3,49,22,SBT-03-49-22,SBT-03-49-17,1,EXTMIC,12,454054.6212,6101486.45,604.8819,628.1019,,SBT-3-49,SBT-3-49-22
397,3,49,23,SBT-03-49-23,SBT-03-49-18,1,EXTMIC,12,454090.5375,6101482.234,603.5844,626.8044,,SBT-3-49,SBT-3-49-23
398,3,49,24,SBT-03-49-24,SBT-03-49-19,1,EXTMIC,12,454126.6806,6101485.502,606.0078,629.2278,,SBT-3-49,SBT-3-49-24
399,3,49,25,SBT-03-49-25,SBT-03-49-20,1,EXTMIC,12,454161.2051,6101482.756,607.8692,631.0892,,SBT-3-49,SBT-3-49-25
400,3,49,26,SBT-03-49-26,SBT-03-49-31,0,ARU,12,454022.0626,6101799.642,604.1751,627.3951,,SBT-3-49,SBT-3-49-26
401,3,49,27,SBT-03-49-27,SBT-03-49-32,0,ARU,12,454043.8704,6101798.119,610.8134,634.0334,,SBT-3-49,SBT-3-49-27
402,3,49,28,SBT-03-49-28,SBT-03-49-33,0,ARU,12,454083.5512,6101797.839,612.6224,635.8424,,SBT-3-49,SBT-3-49-28
403,3,49,29,SBT-03-49-29,SBT-03-49-34,0,ARU,12,454124.1448,6101800.904,607.4566,630.6766,,SBT-3-49,SBT-3-49-29
404,3,49,30,SBT-03-49-30,SBT-03-49-35,0,ARU,12,454158.2096,6101804.054,607.2957,630.5157,,SBT-3-49,SBT-3-49-30
405,3,49,31,SBT-03-49-31,SBT-03-49-26,1,EXTMIC,12,454017.1754,6101764.703,607.4366,630.6566,,SBT-3-49,SBT-3-49-31
406,3,49,32,SBT-03-49-32,SBT-03-49-27,1,EXTMIC,12,454050.0172,6101759.7,619.6114,642.8314,,SBT-3-49,SBT-3-49-32
407,3,49,33,SBT-03-49-33,SBT-03-49-28,1,EXTMIC,12,454085.758,6101765.591,606.1906,629.4106,,SBT-3-49,SBT-3-49-33
408,3,49,34,SBT-03-49-34,SBT-03-49-29,1,EXTMIC,12,454120.9131,6101764.901,600.6059,623.8259,,SBT-3-49,SBT-3-49-34
409,3,49,35,SBT-03-49-35,SBT-03-49-30,1,EXTMIC,12,454153.2483,6101767.675,608.7261,631.9461,,SBT-3-49,SBT-3-49-35
410,3,49,36,SBT-03-49-36,SBT-03-49-41,0,ARU,12,454018.6978,6101728.697,607.3369,630.5569,,SBT-3-49,SBT-3-49-36
411,3,49,37,SBT-03-49-37,SBT-03-49-42,0,ARU,12,454053.5791,6101721.844,607.3454,630.5654,,SBT-3-49,SBT-3-49-37
412,3,49,38,SBT-03-49-38,SBT-03-49-43,0,ARU,12,454081.5941,6101727.575,612.3486,635.5686,,SBT-3-49,SBT-3-49-38
413,3,49,39,SBT-03-49-39,SBT-03-49-44,0,ARU,12,454118.5946,6101720.758,609.1329,632.3529,,SBT-3-49,SBT-3-49-39
414,3,49,40,SBT-03-49-40,SBT-03-49-45,0,ARU,12,454157.27,6101731.627,603.0893,626.3093,,SBT-3-49,SBT-3-49-40
415,3,49,41,SBT-03-49-41,SBT-03-49-36,1,EXTMIC,12,454018.8624,6101695.147,612.5294,635.7494,,SBT-3-49,SBT-3-49-41
416,3,49,42,SBT-03-49-42,SBT-03-49-37,1,EXTMIC,12,454055.876,6101698.011,613.3498,636.5698,,SBT-3-49,SBT-3-49-42
417,3,49,43,SBT-03-49-43,SBT-03-49-38,1,EXTMIC,12,454086.4885,6101696.757,608.6378,631.8578,,SBT-3-49,SBT-3-49-43
418,3,49,44,SBT-03-49-44,SBT-03-49-39,1,EXTMIC,12,454120.0241,6101696.929,608.8739,632.0939,,SBT-3-49,SBT-3-49-44
419,3,49,45,SBT-03-49-45,SBT-03-49-40,1,EXTMIC,12,454162.2312,6101697.851,609.6419,632.8619,,SBT-3-49,SBT-3-49-45
420,3,49,46,SBT-03-49-46,SBT-03-49-01,0,ARU,12,454022.3634,6101657.176,615.0414,638.2614,,SBT-3-49,SBT-3-49-46
421,3,49,47,SBT-03-49-47,SBT-03-49-02,0,ARU,12,454054.0564,6101658.664,616.1172,639.3372,,SBT-3-49,SBT-3-49-47
422,3,49,48,SBT-03-49-48,SBT-03-49-03,0,ARU,12,454089.1533,6101662.206,607.8781,631.0981,,SBT-3-49,SBT-3-49-48
423,3,49,49,SBT-03-49-49,SBT-03-49-04,0,ARU,12,454125.7164,6101661.858,605.0293,628.2493,,SBT-3-49,SBT-3-49-49
424,3,49,50,SBT-03-49-50,SBT-03-49-05,0,ARU,12,454164.7272,6101658.872,610.0298,633.2498,,SBT-3-49,SBT-3-49-50
425,3,51,1,SBT-03-51-01,SBT-03-51-02,0,ARU,12,462831.061,6087055.51,670.8085,694.1485,,SBT-3-51,SBT-3-51-1
426,3,51,2,SBT-03-51-02,SBT-03-51-01,1,EXTMIC,12,462855.2704,6087081.519,666.0532,689.3932,,SBT-3-51,SBT-3-51-2
427,3,51,3,SBT-03-51-03,SBT-03-51-04,0,ARU,12,462885.1184,6087111.108,657.9079,681.2479,,SBT-3-51,SBT-3-51-3
428,3,51,4,SBT-03-51-04,SBT-03-51-03,1,EXTMIC,12,462909.8249,6087127.289,655.5871,678.9271,,SBT-3-51,SBT-3-51-4
429,3,51,5,SBT-03-51-05,SBT-03-51-10,0,ARU,12,462938.4927,6087153.476,652.8866,676.2266,,SBT-3-51,SBT-3-51-5
430,3,51,6,SBT-03-51-06,SBT-03-51-07,0,ARU,12,462851.8467,6087032.975,673.1885,696.5285,,SBT-3-51,SBT-3-51-6
431,3,51,7,SBT-03-51-07,SBT-03-51-06,1,EXTMIC,12,462876.2256,6087054.521,669.0034,692.3434,,SBT-3-51,SBT-3-51-7
432,3,51,8,SBT-03-51-08,SBT-03-51-09,0,ARU,12,462904.6007,6087084.74,664.7814,688.1214,,SBT-3-51,SBT-3-51-8
433,3,51,9,SBT-03-51-09,SBT-03-51-08,1,EXTMIC,12,462934.6237,6087103.958,659.95,683.29,,SBT-3-51,SBT-3-51-9
434,3,51,10,SBT-03-51-10,SBT-03-51-05,1,EXTMIC,12,462961.3017,6087127.985,653.8983,677.2383,,SBT-3-51,SBT-3-51-10
435,3,51,11,SBT-03-51-11,SBT-03-51-12,0,EXTMIC,12,462878.8407,6087008.315,674.951,698.291,,SBT-3-51,SBT-3-51-11
436,3,51,12,SBT-03-51-12,SBT-03-51-11,1,EXTMIC,12,462908.1113,6087026.812,670.9253,694.2653,,SBT-3-51,SBT-3-51-12
437,3,51,13,SBT-03-51-13,SBT-03-51-14,0,ARU,12,462926.6926,6087053.991,668.5122,691.8522,,SBT-3-51,SBT-3-51-13
438,3,51,14,SBT-03-51-14,SBT-03-51-13,1,EXTMIC,12,462954.5766,6087078.338,665.5747,688.9147,,SBT-3-51,SBT-3-51-14
439,3,51,15,SBT-03-51-15,SBT-03-51-16,0,ARU,12,462897.1408,6086973.836,675.6623,699.0023,,SBT-3-51,SBT-3-51-15
440,3,51,16,SBT-03-51-16,SBT-03-51-15,1,EXTMIC,12,462919.5797,6087001.034,673.067,696.407,,SBT-3-51,SBT-3-51-16
441,3,51,17,SBT-03-51-17,,0,ARU,12,462954.5346,6087028.384,668.1342,691.4742,,SBT-3-51,SBT-3-51-17
442,3,51,18,SBT-03-51-18,SBT-03-51-19,0,ARU,12,462920.9621,6086950.402,672.8753,696.2153,,SBT-3-51,SBT-3-51-18
443,3,51,19,SBT-03-51-19,SBT-03-51-18,1,EXTMIC,12,462949.7534,6086982.965,683.7962,707.1362,,SBT-3-51,SBT-3-51-19
444,3,51,20,SBT-03-51-20,SBT-03-51-21,0,ARU,12,462989.1688,6087128.087,654.0211,677.3611,,SBT-3-51,SBT-3-51-20
445,3,51,21,SBT-03-51-21,SBT-03-51-20,1,EXTMIC,12,463021.5484,6087126.14,654.8123,678.1523,,SBT-3-51,SBT-3-51-21
446,3,51,22,SBT-03-51-22,SBT-03-51-23,0,ARU,12,463057.134,6087129.861,654.9679,678.3079,,SBT-3-51,SBT-3-51-22
447,3,51,23,SBT-03-51-23,SBT-03-51-22,1,EXTMIC,12,463089.2392,6087124.144,657.9708,681.3108,,SBT-3-51,SBT-3-51-23
448,3,51,24,SBT-03-51-24,SBT-03-51-25,0,ARU,12,463126.6981,6087121.111,652.0103,675.3503,,SBT-3-51,SBT-3-51-24
449,3,51,25,SBT-03-51-25,SBT-03-51-24,1,EXTMIC,12,463159.261,6087116.496,652.576,675.916,,SBT-3-51,SBT-3-51-25
450,3,51,26,SBT-03-51-26,SBT-03-51-27,0,ARU,12,462990.9797,6087096.283,655.0291,678.3691,,SBT-3-51,SBT-3-51-26
451,3,51,27,SBT-03-51-27,SBT-03-51-26,1,EXTMIC,12,463019.573,6087093.986,654.2961,677.6361,,SBT-3-51,SBT-3-51-27
452,3,51,28,SBT-03-51-28,SBT-03-51-29,0,ARU,12,463056.8204,6087090.485,655.4361,678.7761,,SBT-3-51,SBT-3-51-28
453,3,51,29,SBT-03-51-29,SBT-03-51-28,1,EXTMIC,12,463089.1978,6087089.13,656.6326,679.9726,,SBT-3-51,SBT-3-51-29
454,3,51,30,SBT-03-51-30,SBT-03-51-31,0,ARU,12,463131.194,6087092.338,653.1012,676.4412,,SBT-3-51,SBT-3-51-30
455,3,51,31,SBT-03-51-31,SBT-03-51-30,1,EXTMIC,12,463161.4571,6087086.27,654.6281,677.9681,,SBT-3-51,SBT-3-51-31
456,3,51,32,SBT-03-51-32,SBT-03-51-33,0,ARU,12,462991.1115,6087058.474,664.6248,687.9648,,SBT-3-51,SBT-3-51-32
457,3,51,33,SBT-03-51-33,SBT-03-51-32,1,EXTMIC,12,463019.7673,6087054.541,661.7814,685.1214,,SBT-3-51,SBT-3-51-33
458,3,51,34,SBT-03-51-34,SBT-03-51-35,0,ARU,12,463052.9146,6087057.168,658.1395,681.4795,,SBT-3-51,SBT-3-51-34
459,3,51,35,SBT-03-51-35,SBT-03-51-34,1,EXTMIC,12,463089.7137,6087058.04,655.2163,678.5563,,SBT-3-51,SBT-3-51-35
460,3,51,36,SBT-03-51-36,SBT-03-51-37,0,ARU,12,463119.5168,6087053.638,656.0728,679.4128,,SBT-3-51,SBT-3-51-36
461,3,51,37,SBT-03-51-37,SBT-03-51-36,1,EXTMIC,12,463164.8183,6087054.401,654.0773,677.4173,,SBT-3-51,SBT-3-51-37
462,3,51,38,SBT-03-51-38,SBT-03-51-39,0,ARU,12,462980.0945,6087017.588,667.9935,691.3335,Correct value from 114 RTK file,SBT-3-51,SBT-3-51-38
463,3,51,39,SBT-03-51-39,SBT-03-51-38,1,EXTMIC,12,463024.5934,6087023.975,665.2746,688.6146,Correctly labeled in 115 RTK file,SBT-3-51,SBT-3-51-39
464,3,51,40,SBT-03-51-40,SBT-03-51-41,0,ARU,12,463055.8414,6087028.652,663.0321,686.3721,Labeled as 38 in 115 RTK file,SBT-3-51,SBT-3-51-40
465,3,51,41,SBT-03-51-41,SBT-03-51-40,1,EXTMIC,12,463088.2724,6087025.029,662.7118,686.0518,,SBT-3-51,SBT-3-51-41
466,3,51,42,SBT-03-51-42,SBT-03-51-43,0,ARU,12,463122.6884,6087013.058,660.5175,683.8575,,SBT-3-51,SBT-3-51-42
467,3,51,43,SBT-03-51-43,SBT-03-51-42,1,EXTMIC,12,463161.2319,6087011.281,657.0158,680.3558,,SBT-3-51,SBT-3-51-43
468,3,51,44,SBT-03-51-44,SBT-03-51-45,0,ARU,12,462983.1987,6086990.439,670.4629,693.8029,,SBT-3-51,SBT-3-51-44
469,3,51,45,SBT-03-51-45,SBT-03-51-44,1,EXTMIC,12,463018.0906,6086987.122,668.6907,692.0307,,SBT-3-51,SBT-3-51-45
470,3,51,46,SBT-03-51-46,SBT-03-51-47,0,ARU,12,463057.4439,6086984.888,667.6537,690.9937,,SBT-3-51,SBT-3-51-46
471,3,51,47,SBT-03-51-47,SBT-03-51-46,1,EXTMIC,12,463089.9042,6086982.409,664.6475,687.9875,,SBT-3-51,SBT-3-51-47
472,3,51,48,SBT-03-51-48,SBT-03-51-49,0,ARU,12,463128.5343,6086978.164,663.2567,686.5967,,SBT-3-51,SBT-3-51-48
473,3,51,49,SBT-03-51-49,SBT-03-51-48,1,EXTMIC,12,463158.7564,6086977.307,660.9426,684.2826,,SBT-3-51,SBT-3-51-49
474,6,76,1,SBT-06-76-01,SBT-06-76-02,0,ARU,11,662224.5834,6124281.521,624.4754,644.0764,,SBT-6-76,SBT-6-76-1
475,6,76,2,SBT-06-76-02,SBT-06-76-01,1,EXTMIC,11,662260.5442,6124281.543,621.9702,641.5712,,SBT-6-76,SBT-6-76-2
476,6,76,3,SBT-06-76-03,SBT-06-76-04,0,ARU,11,662291.6,6124285.552,623.1746,642.7756,,SBT-6-76,SBT-6-76-3
477,6,76,4,SBT-06-76-04,SBT-06-76-03,1,EXTMIC,11,662327.8365,6124277.75,629.4206,649.0216,,SBT-6-76,SBT-6-76-4
478,6,76,5,SBT-06-76-05,SBT-06-76-26,0,ARU,11,662356.4364,6124283.782,635.9847,655.5857,,SBT-6-76,SBT-6-76-5
479,6,76,6,SBT-06-76-06,SBT-06-76-07,0,ARU,11,662218.063,6124257.275,619.6184,639.2194,,SBT-6-76,SBT-6-76-6
480,6,76,7,SBT-06-76-07,SBT-06-76-06,1,EXTMIC,11,662257.5898,6124248.02,623.9569,643.5579,,SBT-6-76,SBT-6-76-7
481,6,76,8,SBT-06-76-08,SBT-06-76-09,0,ARU,11,662288.1698,6124255.686,625.6015,645.2025,,SBT-6-76,SBT-6-76-8
482,6,76,9,SBT-06-76-09,SBT-06-76-08,1,EXTMIC,11,662333.4375,6124255.244,630.5005,650.1015,,SBT-6-76,SBT-6-76-9
483,6,76,10,SBT-06-76-10,SBT-06-76-31,0,ARU,11,662364.2421,6124252.633,621.6853,641.2863,,SBT-6-76,SBT-6-76-10
484,6,76,11,SBT-06-76-11,SBT-06-76-12,0,ARU,11,662220.9159,6124221.772,631.2245,650.8255,"Adjusted coordinates (0.610105,_1.37032)",SBT-6-76,SBT-6-76-11
485,6,76,12,SBT-06-76-12,SBT-06-76-11,1,EXTMIC,11,662255.338,6124218.648,624.6735,644.2745,,SBT-6-76,SBT-6-76-12
486,6,76,13,SBT-06-76-13,SBT-06-76-14,0,ARU,11,662296.2124,6124222.434,625.3773,644.9783,,SBT-6-76,SBT-6-76-13
487,6,76,14,SBT-06-76-14,SBT-06-76-13,1,EXTMIC,11,662327.6334,6124220.033,625.6993,645.3003,,SBT-6-76,SBT-6-76-14
488,6,76,15,SBT-06-76-15,SBT-06-76-36,0,ARU,11,662365.8577,6124219.527,632.3107,651.9117,,SBT-6-76,SBT-6-76-15
489,6,76,16,SBT-06-76-16,SBT-06-76-17,0,ARU,11,662223.7518,6124181.391,630.1207,649.7217,,SBT-6-76,SBT-6-76-16
490,6,76,17,SBT-06-76-17,SBT-06-76-16,1,EXTMIC,11,662258.7042,6124181.232,630.3579,649.9589,"Adjusted coordinates (1.4854,_0.20876)",SBT-6-76,SBT-6-76-17
491,6,76,18,SBT-06-76-18,SBT-06-76-19,0,ARU,11,662292.6349,6124181.793,627.2081,646.8091,,SBT-6-76,SBT-6-76-18
492,6,76,19,SBT-06-76-19,SBT-06-76-18,1,EXTMIC,11,662328.4816,6124175.147,623.2579,642.8589,,SBT-6-76,SBT-6-76-19
493,6,76,20,SBT-06-76-20,SBT-06-76-41,0,ARU,11,662358.2161,6124193.927,631.9261,651.5271,,SBT-6-76,SBT-6-76-20
494,6,76,21,SBT-06-76-21,SBT-06-76-22,0,ARU,11,662223.3374,6124151.778,626.4749,646.0759,,SBT-6-76,SBT-6-76-21
495,6,76,22,SBT-06-76-22,SBT-06-76-21,1,EXTMIC,11,662259.3993,6124143.354,635.6345,655.2355,,SBT-6-76,SBT-6-76-22
496,6,76,23,SBT-06-76-23,SBT-06-76-24,0,ARU,11,662293.2393,6124143.351,638.5231,658.1241,,SBT-6-76,SBT-6-76-23
497,6,76,24,SBT-06-76-24,SBT-06-76-23,1,EXTMIC,11,662327.1043,6124148.867,630.8735,650.4745,,SBT-6-76,SBT-6-76-24
498,6,76,25,SBT-06-76-25,SBT-06-76-46,0,ARU,11,662360.8263,6124142.974,634.8211,654.4221,"Adjusted coordinates (_1.5,0)",SBT-6-76,SBT-6-76-25
499,6,76,26,SBT-06-76-26,SBT-06-76-05,1,EXTMIC,11,662393.7145,6124288.3,621.5798,641.1808,,SBT-6-76,SBT-6-76-26
500,6,76,27,SBT-06-76-27,SBT-06-76-28,0,ARU,11,662435.7053,6124286.509,621.1298,640.7308,,SBT-6-76,SBT-6-76-27
501,6,76,28,SBT-06-76-28,SBT-06-76-27,1,EXTMIC,11,662467.1205,6124282.045,622.265,641.866,,SBT-6-76,SBT-6-76-28
502,6,76,29,SBT-06-76-29,SBT-06-76-30,0,ARU,11,662499.8657,6124290.184,619.5472,639.1482,,SBT-6-76,SBT-6-76-29
503,6,76,30,SBT-06-76-30,SBT-06-76-29,1,EXTMIC,11,662535.621,6124290.688,619.9705,639.5715,,SBT-6-76,SBT-6-76-30
504,6,76,31,SBT-06-76-31,SBT-06-76-10,1,EXTMIC,11,662400.1884,6124255.463,634.5011,654.1021,,SBT-6-76,SBT-6-76-31
505,6,76,32,SBT-06-76-32,SBT-06-76-33,0,ARU,11,662437.635,6124249.769,626.1709,645.7719,,SBT-6-76,SBT-6-76-32
506,6,76,33,SBT-06-76-33,SBT-06-76-32,1,EXTMIC,11,662469.2009,6124245.082,628.576,648.177,,SBT-6-76,SBT-6-76-33
507,6,76,34,SBT-06-76-34,SBT-06-76-35,0,ARU,11,662500.8322,6124254.242,632.6779,652.2789,"Adjusted coordinates (2.45435,_3.03087)",SBT-6-76,SBT-6-76-34
508,6,76,35,SBT-06-76-35,SBT-06-76-34,1,EXTMIC,11,662533.385,6124249.6,628.7148,648.3158,,SBT-6-76,SBT-6-76-35
509,6,76,36,SBT-06-76-36,SBT-06-76-15,1,EXTMIC,11,662399.7862,6124216.268,624.246,643.847,,SBT-6-76,SBT-6-76-36
510,6,76,37,SBT-06-76-37,SBT-06-76-38,0,ARU,11,662432.7347,6124220.107,626.0604,645.6614,,SBT-6-76,SBT-6-76-37
511,6,76,38,SBT-06-76-38,SBT-06-76-37,1,EXTMIC,11,662464.3756,6124219.377,633.6669,653.2679,,SBT-6-76,SBT-6-76-38
512,6,76,39,SBT-06-76-39,SBT-06-76-40,0,ARU,11,662500.4844,6124215.239,626.9123,646.5133,"Adjusted coordinates (1.29505,0.113302)",SBT-6-76,SBT-6-76-39
513,6,76,40,SBT-06-76-40,SBT-06-76-39,1,EXTMIC,11,662534.2203,6124221.769,634.681,654.282,,SBT-6-76,SBT-6-76-40
514,6,76,41,SBT-06-76-41,SBT-06-76-20,1,EXTMIC,11,662400.1703,6124186.558,625.1369,644.7379,,SBT-6-76,SBT-6-76-41
515,6,76,42,SBT-06-76-42,SBT-06-76-43,0,ARU,11,662432.2631,6124181.845,628.4094,648.0104,,SBT-6-76,SBT-6-76-42
516,6,76,43,SBT-06-76-43,SBT-06-76-42,1,EXTMIC,11,662462.6169,6124179.57,627.7266,647.3276,,SBT-6-76,SBT-6-76-43
517,6,76,44,SBT-06-76-44,SBT-06-76-45,0,ARU,11,662510.1466,6124181.633,627.2131,646.8141,,SBT-6-76,SBT-6-76-44
518,6,76,45,SBT-06-76-45,SBT-06-76-44,1,EXTMIC,11,662538.2587,6124180.787,628.1622,647.7632,"Adjusted coordinates (_0.973977,_2.41068)",SBT-6-76,SBT-6-76-45
519,6,76,46,SBT-06-76-46,SBT-06-76-25,1,EXTMIC,11,662396.9583,6124149.811,640.1731,659.7741,,SBT-6-76,SBT-6-76-46
520,6,76,47,SBT-06-76-47,SBT-06-76-48,0,ARU,11,662428.2645,6124141.453,635.7032,655.3042,,SBT-6-76,SBT-6-76-47
521,6,76,48,SBT-06-76-48,SBT-06-76-47,1,EXTMIC,11,662464.915,6124151.398,629.5162,649.1172,,SBT-6-76,SBT-6-76-48
522,6,76,49,SBT-06-76-49,SBT-06-76-50,0,ARU,11,662503.9742,6124151.173,629.7271,649.3281,,SBT-6-76,SBT-6-76-49
523,6,76,50,SBT-06-76-50,SBT-06-76-49,1,EXTMIC,11,662537.1213,6124151.978,630.6023,650.2033,,SBT-6-76,SBT-6-76-50
524,6,79,1,SBT-06-79-01,SBT-06-79-02,0,ARU,11,650188.6555,6144321.117,716.4618,735.8348,,SBT-6-79,SBT-6-79-1
525,6,79,2,SBT-06-79-02,SBT-06-79-01,1,EXTMIC,11,650229.7505,6144318.694,710.4085,729.7815,,SBT-6-79,SBT-6-79-2
526,6,79,3,SBT-06-79-03,SBT-06-79-04,0,ARU,11,650262.8127,6144314.86,713.2893,732.6623,,SBT-6-79,SBT-6-79-3
527,6,79,4,SBT-06-79-04,SBT-06-79-03,1,EXTMIC,11,650302.4207,6144315.041,715.1721,734.5451,,SBT-6-79,SBT-6-79-4
528,6,79,5,SBT-06-79-05,SBT-06-79-10,0,ARU,11,650327.4295,6144322.058,704.4089,723.7819,,SBT-6-79,SBT-6-79-5
529,6,79,6,SBT-06-79-06,SBT-06-79-07,0,ARU,11,650191.6622,6144284.792,711.795,731.168,,SBT-6-79,SBT-6-79-6
530,6,79,7,SBT-06-79-07,SBT-06-79-06,1,EXTMIC,11,650226.1514,6144284.685,708.6025,727.9755,,SBT-6-79,SBT-6-79-7
531,6,79,8,SBT-06-79-08,SBT-06-79-09,0,ARU,11,650263.5848,6144285.656,707.4073,726.7803,,SBT-6-79,SBT-6-79-8
532,6,79,9,SBT-06-79-09,SBT-06-79-08,1,EXTMIC,11,650301.4256,6144283.623,707.2527,726.6257,,SBT-6-79,SBT-6-79-9
533,6,79,10,SBT-06-79-10,SBT-06-79-05,1,EXTMIC,11,650330.2938,6144289.579,706.5663,725.9393,,SBT-6-79,SBT-6-79-10
534,6,79,11,SBT-06-79-11,SBT-06-79-12,0,ARU,11,650191.6886,6144248.287,706.6039,725.9769,,SBT-6-79,SBT-6-79-11
535,6,79,12,SBT-06-79-12,SBT-06-79-11,1,EXTMIC,11,650225.763,6144250.783,704.6053,723.9783,,SBT-6-79,SBT-6-79-12
536,6,79,13,SBT-06-79-13,SBT-06-79-14,0,ARU,11,650259.1756,6144253.543,705.4069,724.7799,,SBT-6-79,SBT-6-79-13
537,6,79,14,SBT-06-79-14,SBT-06-79-13,1,EXTMIC,11,650300.1649,6144247.129,705.9743,725.3473,,SBT-6-79,SBT-6-79-14
538,6,79,15,SBT-06-79-15,SBT-06-79-26,0,ARU,11,650331.5254,6144251.703,702.0591,721.4321,,SBT-6-79,SBT-6-79-15
539,6,79,16,SBT-06-79-16,SBT-06-79-17,0,ARU,11,650190.2094,6144214.614,707.3159,726.6889,,SBT-6-79,SBT-6-79-16
540,6,79,17,SBT-06-79-17,SBT-06-79-16,1,EXTMIC,11,650226.1446,6144215.917,704.0539,723.4269,Originally documented as ARU,SBT-6-79,SBT-6-79-17
541,6,79,18,SBT-06-79-18,SBT-06-79-19,0,ARU,11,650259.3077,6144220.455,705.3965,724.7695,,SBT-6-79,SBT-6-79-18
542,6,79,19,SBT-06-79-19,SBT-06-79-18,1,EXTMIC,11,650293.2546,6144218.707,708.1529,727.5259,,SBT-6-79,SBT-6-79-19
543,6,79,20,SBT-06-79-20,SBT-06-79-31,0,ARU,11,650325.2836,6144210.638,706.1177,725.4907,,SBT-6-79,SBT-6-79-20
544,6,79,21,SBT-06-79-21,SBT-06-79-22,0,ARU,11,650188.3619,6144182.29,695.359,714.732,,SBT-6-79,SBT-6-79-21
545,6,79,22,SBT-06-79-22,SBT-06-79-21,1,EXTMIC,11,650226.63,6144184.866,701.5762,720.9492,,SBT-6-79,SBT-6-79-22
546,6,79,23,SBT-06-79-23,SBT-06-79-24,0,ARU,11,650260.9858,6144179.593,707.4303,726.8033,,SBT-6-79,SBT-6-79-23
547,6,79,24,SBT-06-79-24,SBT-06-79-23,1,EXTMIC,11,650296.3596,6144184.969,700.5897,719.9627,,SBT-6-79,SBT-6-79-24
548,6,79,25,SBT-06-79-25,SBT-06-79-36,0,ARU,11,650330.886,6144181.65,700.8415,720.2145,,SBT-6-79,SBT-6-79-25
549,6,79,26,SBT-06-79-26,SBT-06-79-15,1,EXTMIC,11,650360.521,6144239.011,706.2364,725.6094,,SBT-6-79,SBT-6-79-26
550,6,79,27,SBT-06-79-27,SBT-06-79-28,0,ARU,11,650397.1639,6144245.48,708.4008,727.7738,,SBT-6-79,SBT-6-79-27
551,6,79,28,SBT-06-79-28,SBT-06-79-27,1,EXTMIC,11,650433.7169,6144242.692,698.9752,718.3482,,SBT-6-79,SBT-6-79-28
552,6,79,29,SBT-06-79-29,SBT-06-79-30,0,ARU,11,650465.9199,6144241.384,711.0811,730.4541,,SBT-6-79,SBT-6-79-29
553,6,79,30,SBT-06-79-30,SBT-06-79-29,1,EXTMIC,11,650500.4796,6144241.887,705.5682,724.9412,,SBT-6-79,SBT-6-79-30
554,6,79,31,SBT-06-79-31,SBT-06-79-20,1,EXTMIC,11,650364.5479,6144210.582,696.2293,715.6023,,SBT-6-79,SBT-6-79-31
555,6,79,32,SBT-06-79-32,SBT-06-79-33,0,ARU,11,650399.24,6144209.551,697.9651,717.3381,,SBT-6-79,SBT-6-79-32
556,6,79,33,SBT-06-79-33,SBT-06-79-32,1,EXTMIC,11,650430.0764,6144211.866,706.4937,725.8667,,SBT-6-79,SBT-6-79-33
557,6,79,34,SBT-06-79-34,SBT-06-79-35,0,ARU,11,650469.5659,6144209.179,699.948,719.321,,SBT-6-79,SBT-6-79-34
558,6,79,35,SBT-06-79-35,SBT-06-79-34,1,EXTMIC,11,650501.0883,6144207.975,700.6692,720.0422,,SBT-6-79,SBT-6-79-35
559,6,79,36,SBT-06-79-36,SBT-06-79-25,1,EXTMIC,11,650358.7799,6144168.455,694.3325,713.7055,,SBT-6-79,SBT-6-79-36
560,6,79,37,SBT-06-79-37,SBT-06-79-38,0,ARU,11,650395.5032,6144167.65,692.3641,711.7371,,SBT-6-79,SBT-6-79-37
561,6,79,38,SBT-06-79-38,SBT-06-79-37,1,EXTMIC,11,650430.2838,6144171.531,699.1724,718.5454,,SBT-6-79,SBT-6-79-38
562,6,79,39,SBT-06-79-39,SBT-06-79-40,0,ARU,11,650467.6302,6144169.141,690.9745,710.3475,,SBT-6-79,SBT-6-79-39
563,6,79,40,SBT-06-79-40,SBT-06-79-39,1,EXTMIC,11,650499.5483,6144170.811,691.6427,711.0157,,SBT-6-79,SBT-6-79-40
564,6,79,41,SBT-06-79-41,SBT-06-79-46,0,ARU,11,650357.1575,6144128.635,699.7784,719.1514,,SBT-6-79,SBT-6-79-41
565,6,79,42,SBT-06-79-42,SBT-06-79-43,0,ARU,11,650397.66,6144147.649,693.6287,713.0017,,SBT-6-79,SBT-6-79-42
566,6,79,43,SBT-06-79-43,SBT-06-79-42,1,EXTMIC,11,650432.6003,6144140.868,690.4318,709.8048,,SBT-6-79,SBT-6-79-43
567,6,79,44,SBT-06-79-44,SBT-06-79-45,0,ARU,11,650467.1076,6144135.072,685.3471,704.7201,,SBT-6-79,SBT-6-79-44
568,6,79,45,SBT-06-79-45,SBT-06-79-44,1,EXTMIC,11,650501.159,6144139.563,689.0767,708.4497,,SBT-6-79,SBT-6-79-45
569,6,79,46,SBT-06-79-46,SBT-06-79-41,1,EXTMIC,11,650359.7584,6144107.603,686.9071,706.2801,,SBT-6-79,SBT-6-79-46
570,6,79,47,SBT-06-79-47,SBT-06-79-48,0,ARU,11,650396.5633,6144102.985,684.7675,704.1405,,SBT-6-79,SBT-6-79-47
571,6,79,48,SBT-06-79-48,SBT-06-79-47,1,EXTMIC,11,650432.0989,6144106.712,693.8957,713.2687,,SBT-6-79,SBT-6-79-48
572,6,79,49,SBT-06-79-49,SBT-06-79-50,0,ARU,11,650469.3207,6144102.771,692.8098,712.1828,,SBT-6-79,SBT-6-79-49
573,6,79,50,SBT-06-79-50,SBT-06-79-49,1,EXTMIC,11,650504.1888,6144097.566,682.7656,702.1386,,SBT-6-79,SBT-6-79-50
574,6,81,1,SBT-06-81-01,SBT-06-81-06,0,ARU,11,690464.8282,6119055.895,623.998,644.13,,SBT-6-81,SBT-6-81-1
575,6,81,2,SBT-06-81-02,SBT-06-81-07,0,ARU,11,690507.7046,6119056.608,620.9868,641.1188,,SBT-6-81,SBT-6-81-2
576,6,81,3,SBT-06-81-03,SBT-06-81-08,0,ARU,11,690536.7854,6119051.136,624.5506,644.6826,,SBT-6-81,SBT-6-81-3
577,6,81,4,SBT-06-81-04,SBT-06-81-09,0,ARU,11,690573.9276,6119050.379,625.2979,645.4299,,SBT-6-81,SBT-6-81-4
578,6,81,5,SBT-06-81-05,SBT-06-81-10,0,ARU,11,690609.6341,6119053.333,625.8131,645.9451,,SBT-6-81,SBT-6-81-5
579,6,81,6,SBT-06-81-06,SBT-06-81-01,1,EXTMIC,11,690463.6429,6119022.476,622.9564,643.0884,,SBT-6-81,SBT-6-81-6
580,6,81,7,SBT-06-81-07,SBT-06-81-02,1,EXTMIC,11,690499.4,6119018.5,627.425,647.5574,"Used coordinates from datasheet, differ from text file",SBT-6-81,SBT-6-81-7
581,6,81,8,SBT-06-81-08,SBT-06-81-03,1,EXTMIC,11,690535.9,6119017.3,627.922,648.0541,"Used coordinates from datasheet, differ from text file",SBT-6-81,SBT-6-81-8
582,6,81,9,SBT-06-81-09,SBT-06-81-04,1,EXTMIC,11,690572.7342,6119019.019,625.4671,645.5991,,SBT-6-81,SBT-6-81-9
583,6,81,10,SBT-06-81-10,SBT-06-81-05,1,EXTMIC,11,690606.765,6119015.31,627.3987,647.5307,,SBT-6-81,SBT-6-81-10
584,6,81,11,SBT-06-81-11,SBT-06-81-16,0,ARU,11,690468.2925,6118984.57,624.9686,645.1006,,SBT-6-81,SBT-6-81-11
585,6,81,12,SBT-06-81-12,SBT-06-81-17,0,ARU,11,690500.6534,6118982.727,624.1488,644.2808,,SBT-6-81,SBT-6-81-12
586,6,81,13,SBT-06-81-13,SBT-06-81-18,0,ARU,11,690532.6853,6118979.227,625.7751,645.9071,,SBT-6-81,SBT-6-81-13
587,6,81,14,SBT-06-81-14,SBT-06-81-19,0,ARU,11,690576.8153,6118983.192,626.538,646.67,,SBT-6-81,SBT-6-81-14
588,6,81,15,SBT-06-81-15,SBT-06-81-20,0,ARU,11,690601.4349,6118983.443,629.217,649.349,,SBT-6-81,SBT-6-81-15
589,6,81,16,SBT-06-81-16,SBT-06-81-11,1,EXTMIC,11,690472.5053,6118939.49,627.9467,648.0787,,SBT-6-81,SBT-6-81-16
590,6,81,17,SBT-06-81-17,SBT-06-81-12,1,EXTMIC,11,690500.7765,6118943.767,624.7128,644.8448,,SBT-6-81,SBT-6-81-17
591,6,81,18,SBT-06-81-18,SBT-06-81-13,1,EXTMIC,11,690534.1145,6118944.154,625.8356,645.9676,,SBT-6-81,SBT-6-81-18
592,6,81,19,SBT-06-81-19,SBT-06-81-14,1,EXTMIC,11,690570.7346,6118944.844,628.4548,648.5868,,SBT-6-81,SBT-6-81-19
593,6,81,20,SBT-06-81-20,SBT-06-81-15,1,EXTMIC,11,690607.6043,6118943.746,629.7149,649.8469,,SBT-6-81,SBT-6-81-20
594,6,81,21,SBT-06-81-21,SBT-06-81-26,0,ARU,11,690471.0759,6118909.843,624.448,644.58,,SBT-6-81,SBT-6-81-21
595,6,81,22,SBT-06-81-22,SBT-06-81-27,0,ARU,11,690509.9872,6118913.926,632.9991,653.1311,,SBT-6-81,SBT-6-81-22
596,6,81,23,SBT-06-81-23,SBT-06-81-28,0,ARU,11,690545.6153,6118912.499,641.867,661.999,,SBT-6-81,SBT-6-81-23
597,6,81,24,SBT-06-81-24,SBT-06-81-29,0,ARU,11,690569.5423,6118910.133,631.5908,651.7228,,SBT-6-81,SBT-6-81-24
598,6,81,25,SBT-06-81-25,SBT-06-81-30,0,ARU,11,690605.0008,6118910.221,633.5963,653.7283,,SBT-6-81,SBT-6-81-25
599,6,81,26,SBT-06-81-26,SBT-06-81-21,1,EXTMIC,11,690484.3632,6118876.077,625.4131,645.5451,,SBT-6-81,SBT-6-81-26
600,6,81,27,SBT-06-81-27,SBT-06-81-22,1,EXTMIC,11,690516.8868,6118881.338,629.5106,649.6426,,SBT-6-81,SBT-6-81-27
601,6,81,28,SBT-06-81-28,SBT-06-81-23,1,EXTMIC,11,690547.9069,6118881.192,640.3306,660.4626,,SBT-6-81,SBT-6-81-28
602,6,81,29,SBT-06-81-29,SBT-06-81-24,1,EXTMIC,11,690579.9367,6118878.512,632.7947,652.9267,,SBT-6-81,SBT-6-81-29
603,6,81,30,SBT-06-81-30,SBT-06-81-25,1,EXTMIC,11,690614.888,6118879.304,634.5459,654.6779,,SBT-6-81,SBT-6-81-30
604,6,81,31,SBT-06-81-31,SBT-06-81-36,0,ARU,11,690479.2781,6118842.285,627.0653,647.1973,,SBT-6-81,SBT-6-81-31
605,6,81,32,SBT-06-81-32,SBT-06-81-37,0,ARU,11,690516.4812,6118842.906,633.0374,653.1694,,SBT-6-81,SBT-6-81-32
606,6,81,33,SBT-06-81-33,SBT-06-81-38,0,ARU,11,690549.4765,6118850.204,635.4728,655.6048,,SBT-6-81,SBT-6-81-33
607,6,81,34,SBT-06-81-34,SBT-06-81-39,0,ARU,11,690586.2887,6118844.807,633.8345,653.9665,,SBT-6-81,SBT-6-81-34
608,6,81,35,SBT-06-81-35,SBT-06-81-40,0,ARU,11,690619.414,6118843.908,635.1285,655.2605,,SBT-6-81,SBT-6-81-35
609,6,81,36,SBT-06-81-36,SBT-06-81-31,1,EXTMIC,11,690472.7646,6118814.312,633.1528,653.2848,,SBT-6-81,SBT-6-81-36
610,6,81,37,SBT-06-81-37,SBT-06-81-32,1,EXTMIC,11,690511.9164,6118804.744,630.5564,650.6884,,SBT-6-81,SBT-6-81-37
611,6,81,38,SBT-06-81-38,SBT-06-81-33,1,EXTMIC,11,690550.5368,6118816.156,633.8639,653.9959,,SBT-6-81,SBT-6-81-38
612,6,81,39,SBT-06-81-39,SBT-06-81-34,1,EXTMIC,11,690584.2759,6118814.167,634.047,654.179,,SBT-6-81,SBT-6-81-39
613,6,81,40,SBT-06-81-40,SBT-06-81-35,1,EXTMIC,11,690616.7486,6118810.325,636.6072,656.7392,,SBT-6-81,SBT-6-81-40
614,6,81,41,SBT-06-81-41,SBT-06-81-46,0,ARU,11,690478.966,6118781.103,630.6395,650.7715,,SBT-6-81,SBT-6-81-41
615,6,81,42,SBT-06-81-42,SBT-06-81-47,0,ARU,11,690512.6899,6118771.042,632.5589,652.6909,,SBT-6-81,SBT-6-81-42
616,6,81,43,SBT-06-81-43,SBT-06-81-48,0,ARU,11,690554.425,6118768.82,636.0609,656.1929,,SBT-6-81,SBT-6-81-43
617,6,81,44,SBT-06-81-44,SBT-06-81-49,0,ARU,11,690579.1605,6118773.093,638.3708,658.5028,,SBT-6-81,SBT-6-81-44
618,6,81,45,SBT-06-81-45,SBT-06-81-50,0,ARU,11,690620.2393,6118769.408,639.2471,659.3791,,SBT-6-81,SBT-6-81-45
619,6,81,46,SBT-06-81-46,SBT-06-81-41,1,EXTMIC,11,690478.9342,6118739.975,622.7302,642.8622,,SBT-6-81,SBT-6-81-46
620,6,81,47,SBT-06-81-47,SBT-06-81-42,1,EXTMIC,11,690514.4561,6118743.84,629.3192,649.4512,,SBT-6-81,SBT-6-81-47
621,6,81,48,SBT-06-81-48,SBT-06-81-43,1,EXTMIC,11,690553.5538,6118734.718,634.7162,654.8482,,SBT-6-81,SBT-6-81-48
622,6,81,49,SBT-06-81-49,SBT-06-81-44,1,EXTMIC,11,690582.2171,6118731.321,631.7193,651.8513,,SBT-6-81,SBT-6-81-49
623,6,81,50,SBT-06-81-50,SBT-06-81-45,1,EXTMIC,11,690614.5882,6118741.864,633.7403,653.8723,,SBT-6-81,SBT-6-81-50
624,6,83,1,SBT-06-83-01,SBT-06-83-02,0,ARU,11,661604.4831,6121264.165,690.6075,710.1565,,SBT-6-83,SBT-6-83-1
625,6,83,2,SBT-06-83-02,SBT-06-83-01,1,EXTMIC,11,661628.4448,6121279.184,690.1221,709.6711,,SBT-6-83,SBT-6-83-2
626,6,83,3,SBT-06-83-03,SBT-06-83-04,0,ARU,11,661671.7186,6121299.965,694.7713,714.3203,,SBT-6-83,SBT-6-83-3
627,6,83,4,SBT-06-83-04,SBT-06-83-03,1,EXTMIC,11,661702.2272,6121316.064,687.4321,706.9811,,SBT-6-83,SBT-6-83-4
628,6,83,5,SBT-06-83-05,SBT-06-83-50,0,ARU,11,661723.613,6121332.979,686.1641,705.7131,,SBT-6-83,SBT-6-83-5
629,6,83,6,SBT-06-83-06,SBT-06-83-11,0,ARU,11,661619.9734,6121236.482,687.5427,707.0917,,SBT-6-83,SBT-6-83-6
630,6,83,7,SBT-06-83-07,SBT-06-83-12,0,ARU,11,661648.2413,6121251.668,689.1317,708.6807,,SBT-6-83,SBT-6-83-7
631,6,83,8,SBT-06-83-08,SBT-06-83-13,0,ARU,11,661676.8097,6121279.102,690.0457,709.5947,,SBT-6-83,SBT-6-83-8
632,6,83,9,SBT-06-83-09,SBT-06-83-14,0,ARU,11,661716.7113,6121285.994,686.8137,706.3627,,SBT-6-83,SBT-6-83-9
633,6,83,10,SBT-06-83-10,SBT-06-83-15,0,ARU,11,661738.2106,6121308.724,685.7657,705.3147,,SBT-6-83,SBT-6-83-10
634,6,83,11,SBT-06-83-11,SBT-06-83-06,1,EXTMIC,11,661635.7212,6121208.76,696.8065,716.3555,,SBT-6-83,SBT-6-83-11
635,6,83,12,SBT-06-83-12,SBT-06-83-07,1,EXTMIC,11,661667.8344,6121223.471,688.6849,708.2339,,SBT-6-83,SBT-6-83-12
636,6,83,13,SBT-06-83-13,SBT-06-83-08,1,EXTMIC,11,661697.4177,6121239.417,688.1609,707.7099,,SBT-6-83,SBT-6-83-13
637,6,83,14,SBT-06-83-14,SBT-06-83-09,1,EXTMIC,11,661732.6776,6121252.09,686.1069,705.6559,,SBT-6-83,SBT-6-83-14
638,6,83,15,SBT-06-83-15,SBT-06-83-10,1,EXTMIC,11,661760.9328,6121268.399,683.5136,703.0626,,SBT-6-83,SBT-6-83-15
639,6,83,16,SBT-06-83-16,SBT-06-83-21,0,ARU,11,661658.1576,6121168.529,687.3094,706.8584,,SBT-6-83,SBT-6-83-16
640,6,83,17,SBT-06-83-17,SBT-06-83-22,0,ARU,11,661677.7592,6121193.767,687.4386,706.9876,,SBT-6-83,SBT-6-83-17
641,6,83,18,SBT-06-83-18,SBT-06-83-23,0,ARU,11,661728.6572,6121199.013,686.9873,706.5363,,SBT-6-83,SBT-6-83-18
642,6,83,19,SBT-06-83-19,SBT-06-83-24,0,ARU,11,661743.3697,6121219.884,686.3117,705.8607,,SBT-6-83,SBT-6-83-19
643,6,83,20,SBT-06-83-20,SBT-06-83-25,0,ARU,11,661781.2969,6121244.31,684.063,703.612,,SBT-6-83,SBT-6-83-20
644,6,83,21,SBT-06-83-21,SBT-06-83-16,1,EXTMIC,11,661671.197,6121143.129,684.1589,703.7079,,SBT-6-83,SBT-6-83-21
645,6,83,22,SBT-06-83-22,SBT-06-83-17,1,EXTMIC,11,661699.1437,6121163.47,686.8601,706.4091,,SBT-6-83,SBT-6-83-22
646,6,83,23,SBT-06-83-23,SBT-06-83-18,1,EXTMIC,11,661735.1026,6121176.328,687.9533,707.5023,,SBT-6-83,SBT-6-83-23
647,6,83,24,SBT-06-83-24,SBT-06-83-19,1,EXTMIC,11,661762.1913,6121191.263,684.9167,704.4657,,SBT-6-83,SBT-6-83-24
648,6,83,25,SBT-06-83-25,SBT-06-83-20,1,EXTMIC,11,661792.7575,6121209.744,684.177,703.726,,SBT-6-83,SBT-6-83-25
649,6,83,26,SBT-06-83-26,SBT-06-83-31,0,ARU,11,661561.1434,6121425.09,688.6471,708.1961,,SBT-6-83,SBT-6-83-26
650,6,83,27,SBT-06-83-27,SBT-06-83-32,0,ARU,11,661589.717,6121437.331,691.0964,710.6454,,SBT-6-83,SBT-6-83-27
651,6,83,28,SBT-06-83-28,SBT-06-83-33,0,ARU,11,661614.3537,6121460.208,698.9036,718.4526,,SBT-6-83,SBT-6-83-28
652,6,83,29,SBT-06-83-29,SBT-06-83-34,0,ARU,11,661645.1641,6121476.133,686.4959,706.0449,,SBT-6-83,SBT-6-83-29
653,6,83,30,SBT-06-83-30,SBT-06-83-35,0,ARU,11,661679.8907,6121501.684,688.8805,708.4295,,SBT-6-83,SBT-6-83-30
654,6,83,31,SBT-06-83-31,SBT-06-83-26,1,EXTMIC,11,661568.6337,6121397.451,690.3396,709.8886,,SBT-6-83,SBT-6-83-31
655,6,83,32,SBT-06-83-32,SBT-06-83-27,1,EXTMIC,11,661597.9829,6121413.423,692.1632,711.7122,"Adjusted coordinates (0,1.3) JG: easting had been changed instead of northing",SBT-6-83,SBT-6-83-32
656,6,83,33,SBT-06-83-33,SBT-06-83-28,1,EXTMIC,11,661625.0223,6121433.54,689.3864,708.9354,,SBT-6-83,SBT-6-83-33
657,6,83,34,SBT-06-83-34,SBT-06-83-29,1,EXTMIC,11,661659.9362,6121455.977,686.6424,706.1914,,SBT-6-83,SBT-6-83-34
658,6,83,35,SBT-06-83-35,SBT-06-83-30,1,EXTMIC,11,661692.2516,6121466.607,684.4849,704.0339,"Adjusted coordinates (0,1.5) JG:easting had been changed instead of northing",SBT-6-83,SBT-6-83-35
659,6,83,36,SBT-06-83-36,SBT-06-83-41,0,ARU,11,661598.1838,6121367.918,687.8053,707.3543,,SBT-6-83,SBT-6-83-36
660,6,83,37,SBT-06-83-37,SBT-06-83-42,0,ARU,11,661618.1891,6121385.214,689.017,708.566,,SBT-6-83,SBT-6-83-37
661,6,83,38,SBT-06-83-38,SBT-06-83-43,0,ARU,11,661647.1777,6121408.26,691.0468,710.5958,,SBT-6-83,SBT-6-83-38
662,6,83,39,SBT-06-83-39,SBT-06-83-44,0,ARU,11,661682.966,6121423.088,682.3939,701.9429,,SBT-6-83,SBT-6-83-39
663,6,83,40,SBT-06-83-40,SBT-06-83-45,0,ARU,11,661710.7714,6121438.461,685.486,705.035,,SBT-6-83,SBT-6-83-40
664,6,83,41,SBT-06-83-41,SBT-06-83-36,1,EXTMIC,11,661603.0479,6121334.697,691.3428,710.8918,,SBT-6-83,SBT-6-83-41
665,6,83,42,SBT-06-83-42,SBT-06-83-37,1,EXTMIC,11,661626.1932,6121349.916,703.0176,722.5666,,SBT-6-83,SBT-6-83-42
666,6,83,43,SBT-06-83-43,SBT-06-83-38,1,EXTMIC,11,661664.3252,6121365.701,690.8328,710.3818,,SBT-6-83,SBT-6-83-43
667,6,83,44,SBT-06-83-44,SBT-06-83-39,1,EXTMIC,11,661699.3674,6121384.35,684.8184,704.3674,,SBT-6-83,SBT-6-83-44
668,6,83,45,SBT-06-83-45,SBT-06-83-40,1,EXTMIC,11,661731.1998,6121403.315,685.9301,705.4791,,SBT-6-83,SBT-6-83-45
669,6,83,46,SBT-06-83-46,SBT-06-83-47,0,ARU,11,661620.3468,6121306.476,691.794,711.343,,SBT-6-83,SBT-6-83-46
670,6,83,47,SBT-06-83-47,SBT-06-83-46,1,EXTMIC,11,661649.8269,6121325.902,696.1722,715.7212,,SBT-6-83,SBT-6-83-47
671,6,83,48,SBT-06-83-48,SBT-06-83-49,0,ARU,11,661685.2052,6121337.295,688.9543,708.5033,,SBT-6-83,SBT-6-83-48
672,6,83,49,SBT-06-83-49,SBT-06-83-48,1,EXTMIC,11,661710.7966,6121355.597,686.0843,705.6333,,SBT-6-83,SBT-6-83-49
673,6,83,50,SBT-06-83-50,SBT-06-83-05,1,EXTMIC,11,661744.2685,6121369.937,686.278,705.827,,SBT-6-83,SBT-6-83-50
674,6,84,21,SBT-06-84-21,SBT-06-84-26,0,ARU,11,646048.2859,6120707.196,689.0718,708.2668,Re-project then calculated 3D shift manually,SBT-6-84,SBT-6-84-21
675,6,84,22,SBT-06-84-22,SBT-06-84-27,0,ARU,11,646073.9037,6120713.308,687.2917,706.4867,Re-project then calculated 3D shift manually,SBT-6-84,SBT-6-84-22
676,6,84,23,SBT-06-84-23,SBT-06-84-28,0,ARU,11,646114.9797,6120712.542,692.5374,711.7324,Re-project then calculated 3D shift manually,SBT-6-84,SBT-6-84-23
677,6,84,24,SBT-06-84-24,SBT-06-84-29,0,ARU,11,646146.5845,6120708.855,694.7305,713.9255,Re-project then calculated 3D shift manually,SBT-6-84,SBT-6-84-24
678,6,84,25,SBT-06-84-25,SBT-06-84-30,0,ARU,11,646184.1213,6120714.774,695.4573,714.6523,Re-project then calculated 3D shift manually,SBT-6-84,SBT-6-84-25
679,6,84,26,SBT-06-84-26,SBT-06-84-21,1,EXTMIC,11,646044.3904,6120679.652,689.4788,708.6738,Re-project then calculated 3D shift manually,SBT-6-84,SBT-6-84-26
680,6,84,27,SBT-06-84-27,SBT-06-84-22,1,EXTMIC,11,646074.615,6120680.784,691.131,710.326,Re-project then calculated 3D shift manually,SBT-6-84,SBT-6-84-27
681,6,84,28,SBT-06-84-28,SBT-06-84-23,1,EXTMIC,11,646117.0538,6120676.857,690.3027,709.4977,Re-project then calculated 3D shift manually,SBT-6-84,SBT-6-84-28
682,6,84,29,SBT-06-84-29,SBT-06-84-24,1,EXTMIC,11,646146.7513,6120676.002,690.7517,709.9467,Re-project then calculated 3D shift manually,SBT-6-84,SBT-6-84-29
683,6,84,30,SBT-06-84-30,SBT-06-84-25,1,EXTMIC,11,646184.8199,6120670.688,690.5267,709.7217,Re-project then calculated 3D shift manually,SBT-6-84,SBT-6-84-30
684,6,84,31,SBT-06-84-31,SBT-06-84-36,0,ARU,11,646041.9041,6120634.134,690.2877,709.4827,Re-project then calculated 3D shift manually,SBT-6-84,SBT-6-84-31
685,6,84,32,SBT-06-84-32,SBT-06-84-37,0,ARU,11,646082.0123,6120647.412,695.0273,714.2223,Re-project then calculated 3D shift manually,SBT-6-84,SBT-6-84-32
686,6,84,33,SBT-06-84-33,SBT-06-84-38,0,ARU,11,646117.4485,6120641.782,698.7982,717.9932,Re-project then calculated 3D shift manually,SBT-6-84,SBT-6-84-33
687,6,84,34,SBT-06-84-34,SBT-06-84-39,0,ARU,11,646152.0864,6120638.247,695.1284,714.3234,Re-project then calculated 3D shift manually,SBT-6-84,SBT-6-84-34
688,6,84,35,SBT-06-84-35,SBT-06-84-40,0,ARU,11,646184.0422,6120641.992,697.4331,716.6281,Re-project then calculated 3D shift manually,SBT-6-84,SBT-6-84-35
689,6,84,36,SBT-06-84-36,SBT-06-84-31,1,EXTMIC,11,646049.7631,6120606.861,691.1722,710.3672,Re-project then calculated 3D shift manually,SBT-6-84,SBT-6-84-36
690,6,84,37,SBT-06-84-37,SBT-06-84-32,1,EXTMIC,11,646076.2286,6120620.773,700.7595,719.9545,Re-project then calculated 3D shift manually,SBT-6-84,SBT-6-84-37
691,6,84,38,SBT-06-84-38,SBT-06-84-33,1,EXTMIC,11,646117.4367,6120610.13,690.6773,709.8723,Re-project then calculated 3D shift manually,SBT-6-84,SBT-6-84-38
692,6,84,39,SBT-06-84-39,SBT-06-84-34,1,EXTMIC,11,646143.6274,6120612.374,693.5879,712.7829,Re-project then calculated 3D shift manually,SBT-6-84,SBT-6-84-39
693,6,84,40,SBT-06-84-40,SBT-06-84-35,1,EXTMIC,11,646181.2874,6120609.739,697.6951,716.8901,Re-project then calculated 3D shift manually,SBT-6-84,SBT-6-84-40
694,6,84,41,SBT-06-84-41,SBT-06-84-46,0,ARU,11,646046.296,6120574.174,691.7146,710.9096,Re-project then calculated 3D shift manually,SBT-6-84,SBT-6-84-41
695,6,84,42,SBT-06-84-42,SBT-06-84-47,0,ARU,11,646080.8849,6120573.013,695.668,714.863,Re-project then calculated 3D shift manually,SBT-6-84,SBT-6-84-42
696,6,84,43,SBT-06-84-43,SBT-06-84-48,0,ARU,11,646112.9572,6120568.87,696.2143,715.4093,Re-project then calculated 3D shift manually,SBT-6-84,SBT-6-84-43
697,6,84,44,SBT-06-84-44,SBT-06-84-49,0,ARU,11,646156.0787,6120574.588,694.0002,713.1952,Re-project then calculated 3D shift manually,SBT-6-84,SBT-6-84-44
698,6,84,45,SBT-06-84-45,SBT-06-84-50,0,ARU,11,646182.0064,6120570.516,702.5973,721.7923,Re-project then calculated 3D shift manually,SBT-6-84,SBT-6-84-45
699,6,84,46,SBT-06-84-46,SBT-06-84-41,1,EXTMIC,11,646049.7327,6120542.794,694.6706,713.8656,Re-project then calculated 3D shift manually,SBT-6-84,SBT-6-84-46
700,6,84,47,SBT-06-84-47,SBT-06-84-42,1,EXTMIC,11,646076.3005,6120541.847,696.8675,716.0625,Re-project then calculated 3D shift manually,SBT-6-84,SBT-6-84-47
701,6,84,48,SBT-06-84-48,SBT-06-84-43,1,EXTMIC,11,646114.7777,6120545.864,698.5484,717.7434,Re-project then calculated 3D shift manually,SBT-6-84,SBT-6-84-48
702,6,84,49,SBT-06-84-49,SBT-06-84-44,1,EXTMIC,11,646147.5185,6120537.778,704.2248,723.4198,Re-project then calculated 3D shift manually,SBT-6-84,SBT-6-84-49
703,6,84,50,SBT-06-84-50,SBT-06-84-45,1,EXTMIC,11,646183.9373,6120543.39,703.9821,723.1771,Re-project then calculated 3D shift manually,SBT-6-84,SBT-6-84-50
